user_id,username,description,gender,profile_url,profile_image,verified,verified_reason,follow_count,followers_count
2826115500,ç¾è‚¡Cå§,æŠŠä¸€ç¨®å­¦é—®ç†è§£åˆ°éå¸¸ç®€å•æœ´ç´ çš„æ—¶å€™ï¼Œä½ æ‰çœŸæ­£æŒæ¡åˆ°äº†å®ƒçš„ç²¾é«“ã€‚,f,https://m.weibo.cn/u/2826115500?,"https://tva3.sinaimg.cn/crop.0.0.180.180.180/a87319acjw1e8qgp5bmzyj2050050aa8.jpg?KID=imgbed,tva&Expires=1733311640&ssig=qdPjNe1bqm",True,åŒ—ç¾èŒä¸šæŠ•èµ„äºº,48,209000
1650025092,XTraderçŒ«å§ç¾è‚¡,åæ ‡ç¡…è°·ï¼Œ14å¹´ç¾è‚¡äº¤æ˜“ç»éªŒï¼›å¤´åƒæ‘„äºçº½äº¤æ‰€ï¼›æ€è·¯åˆ†äº«éæŠ•èµ„å»ºè®®ï¼›ä¸å–Šå•ä¸åšæ¯›ç¥¨ã€‚ä¸€è¨€ä¸åˆå°±æ‹‰é»‘ã€‚ç”³è¯·clubå‘é‚®ä»¶è‡³apply@ maojietrading.com,f,https://m.weibo.cn/u/1650025092?,"https://tvax2.sinaimg.cn/crop.0.0.1080.1080.180/62596284ly8hnj0k7oclbj20u00u0n1w.jpg?KID=imgbed,tva&Expires=1733311640&ssig=22oJVoloNM",True,ç¡…è°·XTraderæ•°æ®ç§‘æŠ€åˆ›å§‹äºº è´¢ç»åšä¸»,547,508000
1896820725,å¤©æ´¥è‚¡ä¾ ,"æ–°æµªå¾®åšè´¢ç»ç±»è‡ªåª’ä½“äººï¼Œ20å¹´çš„è‚¡æµ·æ²§æ¡‘,æ°‘é—´èŒä¸šè‚¡ç¥¨æŠ•èµ„äºº.æ“ä½œé£æ ¼&lt;è¶…çŸ­çº¿ç»“åˆæ³¢æ®µ&gt;å¾®åšæ˜¯ä¸ªäººç‚’è‚¡æ—¥å¿—ï¼Œä¸åšå’¨è¯¢ã€èè‚¡ï¼Œè·Ÿé£è€…è‡ªè´Ÿç›ˆäºã€‚",m,https://m.weibo.cn/u/1896820725?,"https://tva3.sinaimg.cn/crop.0.0.1242.1242.180/710f2ff5jw8f8v9xo0cpcj20yi0yiwg5.jpg?KID=imgbed,tva&Expires=1733311640&ssig=2TbJd3EL%2FI",True,è´¢ç»åšä¸»,4686,479000
7899300852,å¿ƒæœ‰åŠäº©èŠ±ç”°eternity,å¿ƒä¸­æ€»æœ‰ä¸€åº§éš¾ä»¥æŠµè¾¾çš„è¿œå±±,f,https://m.weibo.cn/u/7899300852?,"https://tvax3.sinaimg.cn/crop.0.0.1080.1080.180/008CAF0gly8hmbb4oaw4vj30u00u0wht.jpg?KID=imgbed,tva&Expires=1733311640&ssig=3KtpncWgZ1",False,,95,-1
5288245215,ä½œæ‰‹é˜¿æ˜,2012å¹´å…¥å¸‚ï¼ŒèŒä¸šæœŸè´§äº¤æ˜“å‘˜ï¼Œè¶‹åŠ¿çˆ±å¥½è€…,m,https://m.weibo.cn/u/5288245215?,"https://tvax4.sinaimg.cn/crop.0.0.1080.1080.180/005LSW9Fly8hvkpcq20npj30u00u1mz2.jpg?KID=imgbed,tva&Expires=1733311640&ssig=%2B1oZSQ3uN8",True,æŠ•èµ„å†…å®¹åˆ›ä½œè€…  è´¢ç»è§‚å¯Ÿå®˜,1308,156000
7554724790,èŠ±ç”²è€å¤´,é›ªçƒID:èŠ±ç”²è€å¤´ å…¬ä¼—å·ï¼šé›ªçƒèŠ±ç”²è€å¤´ aè‚¡ä¸‰åå¹´ï¼Œè®°å½•ç”Ÿæ´»,m,https://m.weibo.cn/u/7554724790?,"https://tvax1.sinaimg.cn/crop.0.0.1080.1080.180/008fgR1Qly8hhtm85z0x1j30u00u0n1q.jpg?KID=imgbed,tva&Expires=1733311640&ssig=YwgGFTER%2F1",True,è´¢ç»åšä¸» å¤´æ¡æ–‡ç« ä½œè€…,61,119000
1341094680,å…­çˆ·é˜¿æ—¦,ä¸“æ³¨äºå®è§‚è¶‹åŠ¿ï¼Œå›½é™…æˆ˜ç•¥å’ŒæŠ•èµ„åˆ†æã€‚,m,https://m.weibo.cn/u/1341094680?,"https://tvax4.sinaimg.cn/crop.0.75.1004.1004.180/4fef7b18ly8gewe35pocyj21hf0u04be.jpg?KID=imgbed,tva&Expires=1733311640&ssig=Y8NkTaT%2B%2B8",True,å¾®åšæ–°çŸ¥åšä¸» è´¢ç»åšä¸» å¤´æ¡æ–‡ç« ä½œè€…,513,635000
1663937380,è´¢æ–°ç½‘,è´¢ç»æ–°é—»èµ„è®¯å¿…è¯»ç½‘ç«™ï¼Œæ•´åˆèµ„è®¯ã€è§‚ç‚¹ã€å¤šåª’ä½“ã€äº’åŠ¨ç­‰ä¿¡æ¯æ—¶ä»£å½¢æ€ä¸°å¯Œçš„èµ„è®¯äº§å“ï¼Œ7å¤©24å°æ—¶è¾“å‡ºé«˜å“è´¨çš„åŸåˆ›å†…å®¹ã€‚,m,https://m.weibo.cn/u/1663937380?,"https://tvax2.sinaimg.cn/crop.0.0.828.828.180/632dab64ly8gdikgfakolj20n00n0750.jpg?KID=imgbed,tva&Expires=1733311640&ssig=nlLID%2BXpX2",True,è´¢æ–°ç½‘å®˜æ–¹å¾®åš,441,8238000
7956050879,å¬çŒ«è¯´è¯´,,f,https://m.weibo.cn/u/7956050879?,"https://tvax4.sinaimg.cn/crop.0.0.600.600.180/008GqMhhly8humqt134zej30go0goabb.jpg?KID=imgbed,tva&Expires=1733311640&ssig=cNTqTA%2BiAj",False,,3,-1
6589094297,å¤§é¹å®ˆå¾¡åƒæˆ·æ‰€,ä¸€å›¾èƒœä¸‡è¨€,m,https://m.weibo.cn/u/6589094297?,"https://tvax4.sinaimg.cn/crop.0.0.512.512.180/007bVaqtly8h2349eyk2oj30e80e8751.jpg?KID=imgbed,tva&Expires=1733311640&ssig=P8lniX6b7Y",True,å†›äº‹åšä¸»,442,1326000
7521955262,åšè¯†è´¢ç»,ä¸æ€¥åŠŸè¿‘åˆ©ï¼Œä¸ä¸‰å¿ƒäºŒæ„ï¼Œä¸æ²‰æººæŠ•æœºã€‚,m,https://m.weibo.cn/u/7521955262?,"https://tvax3.sinaimg.cn/crop.0.0.1064.1064.180/008d3mb4ly8gll3v8neklj30tk0tkjs7.jpg?KID=imgbed,tva&Expires=1733311640&ssig=7V5zP5A6%2BP",True,å¾®åšåŸåˆ›è§†é¢‘åšä¸» è´¢ç»è§‚å¯Ÿå®˜,143,466000
2868676035,è´¢è”ç¤¾APP,è´¢è”ç¤¾|æœºæ„å’Œç§å‹Ÿä¸»åŠ›éƒ½åœ¨ä½¿ç”¨çš„è¯åˆ¸å¿«è®¯APP,m,https://m.weibo.cn/u/2868676035?,"https://tvax4.sinaimg.cn/crop.0.0.180.180.180/aafc85c3ly8h8vg6ezotfj2050050dfn.jpg?KID=imgbed,tva&Expires=1733311640&ssig=cKgehQvdXv",True,è´¢è”ç¤¾ï¼ˆhttps://www.cls.cnï¼‰å®˜æ–¹å¾®åš,1354,4106000
1618051664,å¤´æ¡æ–°é—»,æ¯æ—¥æ’­æŠ¥å…¨çƒå„ç±»é‡è¦èµ„è®¯ã€çªå‘æ–°é—»ï¼Œå…¨å¤©24å°æ—¶å³æ—¶å‘å¸ƒã€‚æ¬¢è¿æŠ¥æ–™ã€æŠ•ç¨¿ï¼Œè¯·å‘ç§ä¿¡æˆ–è€…é‚®ä»¶ï¼šxlttnews@vip.sina.comã€‚,f,https://m.weibo.cn/u/1618051664?,"https://tvax1.sinaimg.cn/crop.0.4.535.535.180/001Lvb9uly8h8vgoyk5brj60f00f0jrq02.jpg?KID=imgbed,tva&Expires=1733311640&ssig=0A5DPxRBig",True,å¤´æ¡æ–°é—»å®˜æ–¹è´¦å·,1755,111000000
1747780592,èŠ±å”,æœ‰çº¦ä¸æ¥è¿‡å¤œåŠï¼Œé—²æ•²æ£‹å­è½ç¯èŠ±,m,https://m.weibo.cn/u/1747780592?,"https://tvax1.sinaimg.cn/crop.0.0.1080.1080.180/682d03f0ly8hjkgac44faj20u00u076l.jpg?KID=imgbed,tva&Expires=1733311640&ssig=JU78Xfr%2BlQ",True,èµ„æ·±æ±½è½¦è¾¾äºº,588,1761000
6135649961,å¤§å¦–å¦–,"ç™¾ä¸‡æŒä»“å¤§ç™½è¯å…»åŸº, æœ€å® ç²‰çš„ç†è´¢åˆ†äº«åšä¸»,åªåˆ†äº«å¹²è´§,ä¸æŒ‡å¯¼æ“ä½œğŸ˜ å•†åŠ¡ç§ä¿¡",f,https://m.weibo.cn/u/6135649961?,"https://tvax2.sinaimg.cn/crop.0.0.827.827.180/006HeyQ9ly8hfdwchyfqmj30mz0mzta6.jpg?KID=imgbed,tva&Expires=1733311640&ssig=BEca56%2Blc7",True,åŸºé‡‘åšä¸»	è´¢ç»çŸ¥è¯†åˆ†äº«å®˜ è´¢ç»åšä¸»,208,1567000
7869220802,å°å†¯å¸ä¸–ç•Œ,,f,https://m.weibo.cn/u/7869220802?,"https://tvax4.sinaimg.cn/crop.0.0.1080.1080.180/008AyrOaly8htnrqibxzmj30u00u0n18.jpg?KID=imgbed,tva&Expires=1733311640&ssig=NIF8GHDG8V",True,è¶…è¯åˆ›ä½œå®˜ï¼ˆè´¢ç»è¶…è¯ï¼‰,2687,76000
7854876549,é›¨æ­‡å¾®å‡‰200201,YouTube æœï¼šâ€œè‚¡ç¥¨åšä¸»â€”â€”ä¸­æ¦‚è‚¡åˆ†æâ€ã€‚åˆ°è¿™é‡Œå¯ä»¥å’¨è¯¢è‚¡ç¥¨ã€‚,m,https://m.weibo.cn/u/7854876549?,"https://tvax3.sinaimg.cn/crop.0.0.132.132.180/008zAgdfly4hg1goaxvk1j303o03odfp.jpg?KID=imgbed,tva&Expires=1733311640&ssig=75LpUZ4g7y",False,,8,-1
7558624745,å’åœŸæˆå°,è®°å½•ç”Ÿæ´»ï¼Œåˆ†äº«ä»·å€¼ï¼ç‹¬ç«‹æŠ•èµ„äººï¼å…¨çƒè§†é‡ï¼Œä¸­å›½æƒ…æ€€ï¼,m,https://m.weibo.cn/u/7558624745?,"https://tvax4.sinaimg.cn/crop.0.0.360.360.180/008fxdAlly8h7u1ygjc81j30a00a0dgm.jpg?KID=imgbed,tva&Expires=1733311640&ssig=yXH8tHgJ3E",False,,1327,-1
7182789486,æ­£ç»ç¤¾,ä¸¥å®ˆçœŸå®ã€ç†æ€§ã€ä¸“ä¸šçš„èŒä¸šæ“å®ˆï¼Œå‘ç°å…¬å¸ä»·å€¼ï¼Œè§£è¯»è´¢ç»å¤§åŠ¿ï¼Œè­¦ç¤ºæŠ•èµ„é£é™© ï¼ˆæ­£ç»ç¤¾å®˜ç½‘ï¼šwww.zhengjs.comï¼‰,m,https://m.weibo.cn/u/7182789486?,"https://tvax2.sinaimg.cn/crop.0.0.640.640.180/007Q6fFkly1ganybx31mej30hs0hsabd.jpg?KID=imgbed,tva&Expires=1733311640&ssig=xdmhAigvjy",True,æ°¸æœ‰æ–‡åŒ–ä¼ åª’ æ­£ç»ç¤¾å®˜æ–¹å¾®åš,74,-1
5777301328,é‡‘èå¤§å¼ºè¯´,æƒ³äº†è§£æ›´å¤šé‡‘èè´¢ç»çŸ¥è¯†å°±æ¥å¬å¤§å¼ºè¯´ï¼ï¼å•†åŠ¡åˆä½œè¯·+v:SHVista666,m,https://m.weibo.cn/u/5777301328?,"https://tvax4.sinaimg.cn/crop.0.0.600.600.180/006iYXZuly8hbjcqk8v42j30go0goq4y.jpg?KID=imgbed,tva&Expires=1733311640&ssig=Ih8BCRjSmp",True,å¾®åšå¨±è¯„å›¢æˆå‘˜ å¨±ä¹åšä¸»,640,655000
5127115965,ä¸­åŸäºŒè¥é•¿,ä¸“æ³¨äºçŸ­çº¿ç¨³å¥äº¤æ˜“,m,https://m.weibo.cn/u/5127115965?,"https://tvax1.sinaimg.cn/crop.0.0.512.512.180/005AYR4Nly8hnm1jsnua1j30e80e80t3.jpg?KID=imgbed,tva&Expires=1733311640&ssig=Zyd7mHYYZP",True,è´¢ç»åšä¸»,152,441000
1816256200,ä¸€è´¢å¿«è®¯,ç¬¬ä¸€è´¢ç»å¿«è®¯å®˜æ–¹å¾®åš,m,https://m.weibo.cn/u/1816256200?,"https://tvax2.sinaimg.cn/crop.0.0.600.600.180/6c41dec8ly8hvkcgzo6dmj20go0goq40.jpg?KID=imgbed,tva&Expires=1733311640&ssig=6nuswA69uk",True,ç¬¬ä¸€è´¢ç»å¿«è®¯å®˜æ–¹å¾®åš,136,1608000
1832164643,ä¸çœ ç‰©ä½“,ğŸ§šğŸ»â€â™€ï¸ @æ‡’å’–sama é¥²å…»å‘˜ / å¹´è€è‰²è¡°çš„ç¨‹åºå‘˜,m,https://m.weibo.cn/u/1832164643?,"https://tva1.sinaimg.cn/crop.0.0.640.640.180/6d349d23jw8eyi9wo9xx9j20hs0hswft.jpg?KID=imgbed,tva&Expires=1733311640&ssig=QdPWPH113B",False,,196,-1
7533339552,ç”¨æˆ·7533339552,,m,https://m.weibo.cn/u/7533339552?,"https://tvax1.sinaimg.cn/default/images/default_avatar_male_180.gif?KID=imgbed,tva&Expires=1733311640&ssig=cJEVz%2BKfPm",False,,31,-1
7852743581,ç”µè½¦è´¢é‡‘è’‹å¼€çŸ³,ç”¨èµ„æœ¬çš„è§†è§’ï¼Œè§‚ä¸­å›½æ–°èƒ½æºæ±½è½¦å‘å±•çš„æ³¢æ¾œå£®é˜”,f,https://m.weibo.cn/u/7852743581?,"https://tvax1.sinaimg.cn/crop.0.0.749.749.180/008zrjkxly8hn4abl5c43j30kt0ktaac.jpg?KID=imgbed,tva&Expires=1733311640&ssig=5FTK%2FeB3oz",True,æ±½è½¦åšä¸»,840,53000
1840932554,æ–‡å­-æ¸¯è‚¡ç¾è‚¡,XXè¯åˆ¸ï¼ˆé¦™æ¸¯ï¼‰ï¼šæ¸¯è‚¡ã€ç¾è‚¡ã€ç¯çƒå€ºåˆ¸ã€ç¯çƒåŸºé‡‘ã€é¦™æ¸¯ä¿é™©ã€‚å¾®ä¿¡ï¼ševan54,m,https://m.weibo.cn/u/1840932554?,"https://tvax1.sinaimg.cn/crop.0.0.844.844.180/6dba66caly8hpn5tkcbvej20ng0ng765.jpg?KID=imgbed,tva&Expires=1733311640&ssig=rGmc87QebM",False,,329,-1
1311149603,Tå“¥è´¢ç»,å¸‚åœºä¸­çš„èµ„é‡‘éƒ½æ˜¯é€åˆ©çš„ï¼Œæ„Ÿå—ä¸»æµèµ„é‡‘çš„æ–¹å‘,m,https://m.weibo.cn/u/1311149603?,"https://tvax2.sinaimg.cn/crop.0.0.1080.1080.180/4e268e23ly8gpsjjkqqzwj20u00u0acg.jpg?KID=imgbed,tva&Expires=1733311640&ssig=V57Ht%2Bb%2BH3",True,ä¸­æ–¹ä¿¡å¯Œåˆ†æå¸ˆ è´¢ç»åšä¸» å¤´æ¡æ–‡ç« ä½œè€…,268,89000
6624383364,å¥½æƒ³å…»é€¼æ ¼çŠ¬,,f,https://m.weibo.cn/u/6624383364?,"https://tvax1.sinaimg.cn/crop.0.0.896.896.180/007ejeIYly8hh4e3v4n6qj30ow0owq52.jpg?KID=imgbed,tva&Expires=1733311640&ssig=Fg%2BQtET1pY",False,,152,-1
2080628407,é™Œå°˜ä¸Š,è´¢ç»åšä¸»,m,https://m.weibo.cn/u/2080628407?,"https://tvax2.sinaimg.cn/crop.0.0.1080.1080.180/7c03deb7ly8hhifq2m85vj20u00u0di6.jpg?KID=imgbed,tva&Expires=1733311640&ssig=ixTFvdmwKF",True,äº’è”ç½‘ç§‘æŠ€åšä¸»,587,38000
1714549585,ä¸½å§è¯´å¸‚,çŸ­çº¿ï¼Œå¿«è¿›å¿«å‡ºã€‚,f,https://m.weibo.cn/u/1714549585?,"https://tvax1.sinaimg.cn/crop.0.0.512.512.180/6631f351ly8hut06w2osij20e80e8aa5.jpg?KID=imgbed,tva&Expires=1733311640&ssig=i1CpuZXFmk",True,æ•°ç åšä¸» å¤´æ¡æ–‡ç« ä½œè€…,14433,62000
5768653437,ç‹å‡11,Freedom.,m,https://m.weibo.cn/u/5768653437?,"https://tvax1.sinaimg.cn/crop.0.0.1080.1080.180/006ioGhnly8gstc6duwtej30u00u0q3x.jpg?KID=imgbed,tva&Expires=1733311640&ssig=scyqbCuDiI",False,,72,-1
1867850312,è¿˜åœ¨18æ¥¼,çˆ±ä½ ,m,https://m.weibo.cn/u/1867850312?,"https://tva1.sinaimg.cn/crop.0.0.750.750.180/6f552248jw8fcv76k7sgcj20ku0kujs7.jpg?KID=imgbed,tva&Expires=1733311640&ssig=xPGNospSFI",False,,1025,-1
6105587784,é¡ºåŠ¿æ·˜é‡‘-è€åˆ˜,è·Ÿå¯¹äººåšå¯¹äº‹ï¼Œé€‰æ‹©å¤§äºåŠªåŠ›ï¼Œåˆä½œç§ä¿¡å’¨è¯¢ï¼,m,https://m.weibo.cn/u/6105587784?,"https://tvax1.sinaimg.cn/crop.0.0.939.939.180/006Fcqikly8hj8u2439dgj30q30q3402.jpg?KID=imgbed,tva&Expires=1733311641&ssig=QoIS8WqLmr",True,å¤´æ¡æ–‡ç« ä½œè€…,1643,30000
5579294090,æ¸…æµè´¢è®°,æ¸…æµçš„ç†è´¢ç¬”è®°ï¼Œè®°å½•æŠ•ç ”æ€è€ƒï¼Œä¼˜è´¨è´¢ç»åˆ›ä½œè€…ã€‚,f,https://m.weibo.cn/u/5579294090?,"https://tvax3.sinaimg.cn/crop.0.0.525.525.180/0065A9gmly8hlcny2iqpfj30el0elgm7.jpg?KID=imgbed,tva&Expires=1733311641&ssig=fGeIAspdAN",True,æŠ•èµ„å†…å®¹åˆ›ä½œè€…,932,17000
2092759380,èˆ¹è€å¤§ç¾è‚¡æ—¥å¿—,ä¸“å¿ƒã€ä¸“æ³¨ã€ä¸“ä¸šã€‚æ¯•è‚¯è¯åˆ¸å­¦é™¢ www.beaconsi.org Youtubeé¢‘é“ï¼šèˆ¹è€å¤§ç¾è‚¡æ—¥å¿—ï¼ˆMLERPæŠ•èµ„ï¼‰,m,https://m.weibo.cn/u/2092759380?,"https://tvax3.sinaimg.cn/crop.0.0.1080.1080.180/7cbcf954ly8gn3rt54sevj20u00u0dh7.jpg?KID=imgbed,tva&Expires=1733311641&ssig=qNIJbbyFap",True,ç«¥çº¢å­¦ CFAï¼ŒBeacon Asset Management LLPåŸºé‡‘ç»ç† è´¢ç»åšä¸»,365,593000
5384473179,å¸•è¨ç‰¹æ–¯æ‹‰,å¸•è¨ç‰¹-&gt;ç‰¹æ–¯æ‹‰ï¼šç»å…¸-&gt;æœªæ¥,m,https://m.weibo.cn/u/5384473179?,"https://tvax2.sinaimg.cn/crop.57.149.373.373.180/005SoHrBly8fxevhv1h55j30dk0io3zx.jpg?KID=imgbed,tva&Expires=1733311641&ssig=hqCqHhV%2BPE",False,,124,-1
6977262263,å¾®åšä¸Šå¸‚å…¬å¸,å¾®åšä¸Šå¸‚å…¬å¸æ˜¯é£ç¬›ç§‘æŠ€æ——ä¸‹å®˜æ–¹å¾®åšï¼ŒåŸºäºé‡‘èç§‘æŠ€å¤§æ•°æ®å¹³å°ï¼Œæ—¨åœ¨ä¸ºç”¨æˆ·æä¾›ä¸Šå¸‚å…¬å¸ã€è¡Œä¸šç­‰å…¨æ–¹ä½èµ„è®¯ï¼Œä¸ºæŠ•èµ„è€…æŠ•èµ„å†³ç­–æä¾›ä¾æ®ã€‚,m,https://m.weibo.cn/u/6977262263?,"https://tvax3.sinaimg.cn/crop.0.0.750.750.180/007CbSE7ly8gdim7i8nkdj30ku0kujs0.jpg?KID=imgbed,tva&Expires=1733311641&ssig=0a9nxfinCe",False,,170,198000
2138930885,å¤§æ€ªå°ä¹–,æ‘©ç¾¯åº§çš„å°è€äººå®¶,f,https://m.weibo.cn/u/2138930885?,"https://tva3.sinaimg.cn/crop.0.1.509.509.180/7f7d7ec5jw8fc9vpp27cbj20e50e8t9c.jpg?KID=imgbed,tva&Expires=1733311641&ssig=kpa2hEipFh",False,,747,-1
7734713321,æ‹›è´¢çš„å°å†¯,æ—©æ—¥å®ç°è´¢å¯Œè‡ªç”±,m,https://m.weibo.cn/u/7734713321?,"https://tvax3.sinaimg.cn/crop.0.0.1080.1080.180/008rs4gFly8hrsh9nhiaaj30u00u0gpn.jpg?KID=imgbed,tva&Expires=1733311641&ssig=60PezVOk44",True,è´¢ç»è§‚å¯Ÿå®˜ è¶…è¯ç²‰ä¸é’»å’–ï¼ˆæ¯”ç‰¹å¸æ•°å­—å¸è¶…è¯ï¼‰ å¾®åšåŸåˆ›è§†é¢‘åšä¸»,217,39000
6527206085,æ‘©æ ¹å¤§æ ¡,I am a Cash Hunterï¼è®©èµ„é‡‘æµæ•°æ®è¯´è¯ï¼Œè®©æŠ•èµ„å˜å¾—ç®€å•ã€‚,m,https://m.weibo.cn/u/6527206085?,"https://tvax1.sinaimg.cn/crop.0.0.1080.1080.180/0077Jutvly8g2isoukg7xj30u00u0juf.jpg?KID=imgbed,tva&Expires=1733311641&ssig=Jqhgb4ST7V",True,è´¢ç»åšä¸»,469,118000
6649910672,ç‹¸çŒ«çŒ«çœŸçš„æ²¡åƒå¤œå®µ,ç®—å‘½çš„ï¼Œèƒ†å„¿å¾ˆå°,m,https://m.weibo.cn/u/6649910672?,"https://tvax3.sinaimg.cn/crop.0.0.732.732.180/007g2lxKly8heger2zoraj30kc0kcq46.jpg?KID=imgbed,tva&Expires=1733311641&ssig=1haXP0dgsH",False,,158,-1
1996518651,è€ç‰›ä½›çœ¼è§‚å¸‚,æœ¬ç§‘æ•°å­¦ï¼Œç¡•åšç»æµï¼Œæ“…é•¿å°†æ•°å­¦åŸºç¡€æ€ç»´å’Œå“²å­¦åŸºæœ¬æ€æƒ³å¼•å…¥Aè‚¡å¸‚åœºçš„ç ”ç©¶å’Œåˆ†æä¸­ã€‚å¸Œæœ›ä»¥æ°”è®ºä¸ºæ ¸å¿ƒçš„ç‹¬ç‰¹çœ‹ç›˜è§†è§’ï¼Œèƒ½ç»™å¤§å®¶å»ºç«‹å…¨æ–°çš„è§‚å¸‚ç»´åº¦ã€‚,m,https://m.weibo.cn/u/1996518651?,"https://tva2.sinaimg.cn/crop.0.0.750.750.180/770074fbjw8f1cg9rivg2j20ku0ku758.jpg?KID=imgbed,tva&Expires=1733311641&ssig=%2B%2Bu9ZQe9BF",True,æ¹–åŒ—ç»æµå­¦é™¢ æ•™å¸ˆ  è´¢ç»è§‚å¯Ÿå®˜ è´¢ç»åšä¸»,216,446000
6846790154,ææ˜Ÿå®‡_XingYu,æœªæ¥æ— äººçŸ¥æ™“ï¼Œä¸€åˆ‡å°½åœ¨å½“ä¸‹ã€‚,m,https://m.weibo.cn/u/6846790154?,"https://tvax1.sinaimg.cn/crop.0.0.852.852.180/007tmqTgly8hpd6dtps9qj30no0no3zv.jpg?KID=imgbed,tva&Expires=1733311641&ssig=kiwasYobpW",False,,490,-1
2032747894,ZZBå¤§åƒä¸–ç•Œéœè§€çœ¾å¦™,è¼•è²¡è¶³ä»¥èšäºº å¾‹å·±è¶³ä»¥æœäºº é‡å¯¬è¶³ä»¥å¾—äºº èº«å…ˆè¶³ä»¥ç‡äºº,m,https://m.weibo.cn/u/2032747894?,"https://tvax1.sinaimg.cn/crop.0.0.512.512.180/79294576ly8g9v6307cw1j20e80e8glu.jpg?KID=imgbed,tva&Expires=1733311641&ssig=VB%2B2fI2Z%2FP",True,è¶…è¯å°ä¸»æŒäººï¼ˆç‰¹æ–¯æ‹‰è¶…è¯ï¼‰,2355,-1
6532295180,èˆªå“¥è¶‹åŠ¿è®ºä¸¶,è´¢ç»,m,https://m.weibo.cn/u/6532295180?,"https://tvax4.sinaimg.cn/crop.0.0.887.887.180/00784QnGly8hw1x3ts1d9j30on0onab5.jpg?KID=imgbed,tva&Expires=1733311641&ssig=OcelbFPek5",False,,202,20000
7796318711,å¢…å§,ä¸å¸¦æŠ•èµ„ã€ä¸å¸¦åšç”Ÿæ„ã€ä¸å–è¯¾ã€ä¸å›ç§ä¿¡ã€‚ä»¥æˆ‘çš„åä¹‰æ‰¾ä½ å€Ÿé’±è¦é’±çš„éƒ½æ˜¯éª—å­ã€‚ä¸åŠ¡æ­£ä¸šåšä¸»ï¼Œå¾®åšå†™ç€ç©çš„ã€‚,f,https://m.weibo.cn/u/7796318711?,"https://tvax3.sinaimg.cn/crop.0.0.1080.1080.180/008vCyDZly8huujd6pzcfj30u00u0dlq.jpg?KID=imgbed,tva&Expires=1733311641&ssig=ZzfB2moK49",True,äº’è”ç½‘ç§‘æŠ€åšä¸»,861,302000
7914345130,å±±é¡¶èµ„æœ¬Crypto,å±±é¡¶èµ„æœ¬ï¼Œå¸¦ä½ ç«™åœ¨æ¯ä¸€ä¸ªå±±é¡¶ï¼›i love bitcoin,f,https://m.weibo.cn/u/7914345130?,"https://tvax2.sinaimg.cn/crop.0.0.512.512.180/008DBMHUly8hu3r3hz5oxj30e80e8q3a.jpg?KID=imgbed,tva&Expires=1733311641&ssig=G7ov78%2BBC1",False,,204,-1
1444313404,é¢†äº‹é—²è°ˆ,ä¸ªäººå¾®åšã€‚ä»ä¸“ä¸šè§’åº¦ï¼Œç†æ€§æ¢è®¨å‡ºå›½ã€å›å›½ç­‰ç›¸å…³é—®é¢˜ï¼Œå…³æ³¨ä¸­ç¾å…³ç³»ï¼Œå…¼é¡¾ç¤¾ä¼šçƒ­ç‚¹ã€‚è§‚ç‚¹å¹¶ä¸ä»£è¡¨ä»ä¸šå•ä½ã€‚,m,https://m.weibo.cn/u/1444313404?,"https://tvax3.sinaimg.cn/crop.0.0.512.512.180/5616793cly8gmgwy3n15ij20e80e8dg5.jpg?KID=imgbed,tva&Expires=1733311641&ssig=qLxSG7PYWM",True,å¤–äº‹ä¸€å‘˜,462,394000
7787100753,lolita_wo,"Kites rise highest against the wind, not with it.",f,https://m.weibo.cn/u/7787100753?,"https://tvax4.sinaimg.cn/crop.0.0.1080.1080.180/008uZSDfly8hbr8gauycbj30u00u075s.jpg?KID=imgbed,tva&Expires=1733311641&ssig=SRKqWSiWbB",False,,742,-1
1673123424,çŠå›­äººç”Ÿ,ä¿®èº« æ­£å¿µ,m,https://m.weibo.cn/u/1673123424?,"https://tvax1.sinaimg.cn/crop.0.0.1080.1080.180/63b9d660ly8hh77tp2wtpj20u00u0go3.jpg?KID=imgbed,tva&Expires=1733311642&ssig=DUw9Rq%2Fr6C",False,,104,-1
1672526482,è€æ¶¨çš„å¾®åš,,m,https://m.weibo.cn/u/1672526482?,"https://tvax3.sinaimg.cn/crop.0.0.1080.1080.180/63b0ba92ly8h11vsacktbj20u00u0add.jpg?KID=imgbed,tva&Expires=1733311642&ssig=3U00DAtGne",False,,326,-1
7541060895,USeå·«å¸ˆ,,f,https://m.weibo.cn/u/7541060895?,"https://tvax4.sinaimg.cn/crop.248.172.552.552.180/008elwqrly8gnbnzin7pdj30rm0qy4qp.jpg?KID=imgbed,tva&Expires=1733311642&ssig=tjmFy0Cc9F",False,,1,-1
7741813978,ä¸æƒ³è·Ÿé£çš„äººéƒ½å¿«è¦ç–¯,Audentes Fortuna Iuvat,m,https://m.weibo.cn/u/7741813978?,"https://tvax4.sinaimg.cn/crop.0.0.1080.1080.180/008rVRtoly8hl99wq428bj30u00u0ad5.jpg?KID=imgbed,tva&Expires=1733311642&ssig=k%2BtNtfkwTP",False,,33,-1
2813700891,å¾®åšåŸºé‡‘,åœ¨å¾®åšä¹°åŸºé‡‘ï¼Œå¾®åšAPPæœç´¢â€åŸºé‡‘â€œè¿›å…¥ä¸»é¡µè´­ä¹°ã€‚ç°åœ¨å¼€æˆ·äº«å…¨åœºå…ç”³è´­è´¹å“¦,m,https://m.weibo.cn/u/2813700891?,"https://tvax3.sinaimg.cn/crop.0.0.1024.1024.180/a7b5ab1bly8h8v5qtxtwuj20sg0sgaal.jpg?KID=imgbed,tva&Expires=1733311642&ssig=uymbpyrcUA",True,æ–°æµªæ——ä¸‹åŸºé‡‘ç†è´¢å¹³å°,733,4144000
6890756658,çŸ¥æœªç§‘æŠ€,&lt;å¾®åš2023ã€2024æœ€å…·å½±å“åŠ›ç§‘æŠ€åª’ä½“&gt;  çŸ¥ç§‘æŠ€ï¼Œäº«æœªæ¥â€”â€”ä¸“æ³¨æœªæ¥ç§‘æŠ€ç”Ÿæ´» åˆä½œæ´½è°ˆwxï¼šgod_bless__us,m,https://m.weibo.cn/u/6890756658?,"https://tvax1.sinaimg.cn/crop.0.0.690.690.180/007wkUAqly8h8w6fmobeyj30j60j6ab0.jpg?KID=imgbed,tva&Expires=1733311642&ssig=8wHY0wDupH",True,çŸ¥æœªç§‘æŠ€å®˜æ–¹å¾®åš,740,3620000
7214726304,é²è¿…ä¹°å¢¨æ€¥,æµ·å—ä¸‰äºšè¿å®¾è·¯æ¸¸èµ„,m,https://m.weibo.cn/u/7214726304?,"https://tvax3.sinaimg.cn/crop.0.0.1080.1080.180/007SgfTily8hrwjh10ox1j30u00u0jsd.jpg?KID=imgbed,tva&Expires=1733311642&ssig=HgTYGkHe8A",True,æŠ•èµ„å†…å®¹åˆ›ä½œè€… è´¢ç»è§‚å¯Ÿå®˜ è¶…è¯åˆ›ä½œå®˜ï¼ˆåŸºé‡‘è¶…è¯ï¼‰,9097,23000
6153365706,ä¸€æ¡å°é¼¬é¼¬å­,æœ€è¾›ä¸è¿‡è™šæƒŠä¸€åœº,m,https://m.weibo.cn/u/6153365706?,"https://tvax1.sinaimg.cn/crop.0.0.512.512.180/006IqTvYly8hha1v3c6foj30e80e83yt.jpg?KID=imgbed,tva&Expires=1733311642&ssig=K5FMkTKO1Y",False,,68,-1
7541061348,ç”¨æˆ·7541061348,,f,https://m.weibo.cn/u/7541061348?,"https://tvax4.sinaimg.cn/crop.0.0.512.512.180/008elwxKly8gn01de5jcaj30e80e80tg.jpg?KID=imgbed,tva&Expires=1733311642&ssig=UmTpuRwszK",False,,0,-1
1634176622,æ±Ÿèˆ¸æŠ•èµ„ç¬”è®°,é’é”‹åˆ©å‰‘ã€ç´«è–‡è½¯å‰‘ã€ç„é“é‡å‰‘ã€æ™®é€šæœ¨å‰‘ã€æ— å‰‘æ— æ‹›ã€‚éå†è¿‡ï¼Œæ‰èƒ½å‡åã€‚,m,https://m.weibo.cn/u/1634176622?,"https://tvax1.sinaimg.cn/crop.0.0.1536.1536.180/61678e6ely8fg3lc781ldj216o16oaj9.jpg?KID=imgbed,tva&Expires=1733311642&ssig=DwHK7OOcbI",False,,538,-1
7540663466,çŒ«å’ªé«˜è¿œVP,,f,https://m.weibo.cn/u/7540663466?,"https://tvax1.sinaimg.cn/crop.222.55.555.555.180/008ejR2ily8gnaiy52ybmj30rs0ijjsd.jpg?KID=imgbed,tva&Expires=1733311642&ssig=But96t78wG",False,,3,-1
7541192697,ç ´å£³einmetall,,f,https://m.weibo.cn/u/7541192697?,"https://tvax4.sinaimg.cn/crop.208.204.800.800.180/008em4Ihly8gmv384u2cdj30u0140aex.jpg?KID=imgbed,tva&Expires=1733311642&ssig=8y40YPEl7b",False,,2,-1
7540927418,ä¸€åªä¹ˆç‹ ,,f,https://m.weibo.cn/u/7540927418?,"https://tvax1.sinaimg.cn/crop.11.46.388.388.180/008ekXHAly8gnbgdiws4tj30dd0jgq4w.jpg?KID=imgbed,tva&Expires=1733311642&ssig=M%2FM1L1NNQp",False,,2,-1
7541060939,é™ˆæ©è€³,,f,https://m.weibo.cn/u/7541060939?,"https://tvax1.sinaimg.cn/crop.63.181.686.686.180/008elwr9ly8gncicdb87ij30ku0ycadp.jpg?KID=imgbed,tva&Expires=1733311642&ssig=Wddsi7aO0D",False,,1,-1
7540794004,å±±å¤–å·çjbå¹,,f,https://m.weibo.cn/u/7540794004?,"https://tvax3.sinaimg.cn/crop.138.112.423.423.180/008ekoZKly8gnbicjn9gnj30jg0l6aar.jpg?KID=imgbed,tva&Expires=1733311642&ssig=4ZBtSH7YPl",False,,2,-1
7541061080,é£ç‰©ç‰¹è¢«äººç”¨äº†,,f,https://m.weibo.cn/u/7541061080?,"https://tvax4.sinaimg.cn/crop.90.360.900.900.180/008elwtqly8gmu95yr173j30u01900w4.jpg?KID=imgbed,tva&Expires=1733311642&ssig=HAYBC6787r",False,,22,-1
7541192855,äº”æ¡£æš´è·Œå‘¢,,f,https://m.weibo.cn/u/7541192855?,"https://tvax2.sinaimg.cn/crop.0.6.522.522.180/008em4KPly8gmvc00i7ugj30u00u0wkz.jpg?KID=imgbed,tva&Expires=1733311643&ssig=blJ9Uxp7rX",False,,1,-1
7540927819,ç©ºå¿ƒYsy_64,,f,https://m.weibo.cn/u/7540927819?,"https://tvax2.sinaimg.cn/crop.144.0.933.933.180/008ekXO3ly8gmva1iz2usj30u00u0dj8.jpg?KID=imgbed,tva&Expires=1733311643&ssig=g1yj2zp%2FcG",False,,1,-1
7540663240,è‚¡å®¤ç”µç«,,f,https://m.weibo.cn/u/7540663240?,"https://tvax2.sinaimg.cn/crop.361.88.903.903.180/008ejQYEly8gnai5pj5j1j31960u042b.jpg?KID=imgbed,tva&Expires=1733311643&ssig=ZIQovcINKk",False,,1,-1
7540793989,çŠ¯é”™å³°,,f,https://m.weibo.cn/u/7540793989?,"https://tvax3.sinaimg.cn/crop.111.23.277.277.180/008ekoZvly8gnbgt1lvc7j30dw091jrs.jpg?KID=imgbed,tva&Expires=1733311643&ssig=HU4hrCQKg4",False,,2,-1
7540794467,è§‚éŸ³èƒ–èƒ–,,f,https://m.weibo.cn/u/7540794467?,"https://tvax3.sinaimg.cn/crop.6.0.444.444.180/008ekp7dly8gmvg1q0x08j30u00u0ae7.jpg?KID=imgbed,tva&Expires=1733311643&ssig=dqXbY0rlR5",False,,1,-1
7540794215,å­¤èˆŸæ›°æ˜è¾‰,,f,https://m.weibo.cn/u/7540794215?,"https://tvax4.sinaimg.cn/crop.0.301.1080.1080.180/008ekp39ly8gmu6a6vfx8j30u0190q7o.jpg?KID=imgbed,tva&Expires=1733311643&ssig=uy5Xcje7E8",False,,9,-1
7540794321,ä¸­å²©kakas,,f,https://m.weibo.cn/u/7540794321?,"https://tvax3.sinaimg.cn/crop.363.85.908.908.180/008ekp4Rly8gmvc083jj4j319g0u040j.jpg?KID=imgbed,tva&Expires=1733311643&ssig=YZvX%2FUQfY6",False,,1,-1
7402247173,ä½°çµäº¤æ˜“,å¾®ä¿¡å…¬ä¼—å·â€”â€”ä½°çµäº¤æ˜“,f,https://m.weibo.cn/u/7402247173?,"https://tvax2.sinaimg.cn/crop.0.0.576.576.180/0084X4Drly8gr9pw4cu34j30g00g0wj7.jpg?KID=imgbed,tva&Expires=1733311643&ssig=ay3sSoFBcA",False,,34,-1
7541192400,æ¸¸æˆEEDå–µ-_-,,f,https://m.weibo.cn/u/7541192400?,"https://tvax4.sinaimg.cn/crop.227.99.568.568.180/008em4Duly8gnaiocyzztj30sg0lcq52.jpg?KID=imgbed,tva&Expires=1733311643&ssig=7349FkD9aR",False,,26,-1
7581231635,Myluckyworld,å¿ƒé‡Œæ‰¿å—åŠ›å¾ˆå·®ï¼ŒåŸ‹æ€¨åˆ«äººå°±æ˜¯é™ä½è‡ªå·±çš„è¿‡å¤±,m,https://m.weibo.cn/u/7581231635?,"https://tvax3.sinaimg.cn/crop.0.180.1080.1080.180/008h44FBly8hfyk547sgaj30u0140djz.jpg?KID=imgbed,tva&Expires=1733311643&ssig=FwJ5f1oa%2Bm",False,,110,-1
7540794423,ç‰¹æ–¯æ€»ç“¢æŠŠå­,,f,https://m.weibo.cn/u/7540794423?,"https://tvax3.sinaimg.cn/crop.0.0.1080.1080.180/008ekp6vly8gmvbrkjef2j30u01404ag.jpg?KID=imgbed,tva&Expires=1733311643&ssig=CSVcGflCNX",False,,3,-1
7541192664,æˆ‘çˆ±æ’’å“ˆæ‹‰zzz,,f,https://m.weibo.cn/u/7541192664?,"https://tvax2.sinaimg.cn/crop.54.0.1025.1025.180/008em4HKly8gmu8i1guxvj30u0107djn.jpg?KID=imgbed,tva&Expires=1733311643&ssig=NSsvlArxza",False,,2,-1
7540927532,è€ƒæ‹‰è·,,f,https://m.weibo.cn/u/7540927532?,"https://tvax1.sinaimg.cn/crop.149.104.142.142.180/008ekXJqly8gncltw191wj308m06vaam.jpg?KID=imgbed,tva&Expires=1733311643&ssig=TVK%2FT7Uc78",False,,14,-1
7541192758,ä¸œå“¥cmm,,f,https://m.weibo.cn/u/7541192758?,"https://tvax2.sinaimg.cn/crop.348.104.871.871.180/008em4Jgly8gmvfdn0l70j317l0u0gog.jpg?KID=imgbed,tva&Expires=1733311643&ssig=t7NVanfsIK",False,,1,-1
7541060941,å®ˆå¤œæˆ¿äº§å®¶å±…,,f,https://m.weibo.cn/u/7541060941?,"https://tvax1.sinaimg.cn/crop.227.35.568.568.180/008elwrbly8gncj8jsaadj30sg0hsdin.jpg?KID=imgbed,tva&Expires=1733311643&ssig=8u9E9VQPVJ",False,,1,-1
7750349109,æ±½è½¦å›,,f,https://m.weibo.cn/u/7750349109?,"https://tvax3.sinaimg.cn/crop.0.0.600.600.180/008svFQNly8heh85d263dj30go0goweu.jpg?KID=imgbed,tva&Expires=1733311643&ssig=xmffYJgBBE",True,æ±½è½¦åšä¸»,128,3932000
7541061041,é­ä¸–thenorth,,f,https://m.weibo.cn/u/7541061041?,"https://tvax3.sinaimg.cn/crop.140.320.800.800.180/008elwsNly8gmu53wt9hjj30u01400u9.jpg?KID=imgbed,tva&Expires=1733311643&ssig=4eDSmbz5uw",False,,1,-1
7541061352,æ— å£°çˆ±è±†,,f,https://m.weibo.cn/u/7541061352?,"https://tvax4.sinaimg.cn/crop.627.504.246.246.180/008elwxOly8gmvhb8elhbj30u00u1tc9.jpg?KID=imgbed,tva&Expires=1733311643&ssig=LohuwDGn8s",False,,1,-1
7541060887,åœŸè‚¥çœ‹è‚¡å¸‚,,f,https://m.weibo.cn/u/7541060887?,"https://tvax4.sinaimg.cn/crop.82.18.532.532.180/008elwqjly8gnbn0ti4zfj30hs0qntar.jpg?KID=imgbed,tva&Expires=1733311643&ssig=BY9m3%2Bzqhm",False,,14,-1
1484065501,è½¦äº‹å‹‡è¯„,,m,https://m.weibo.cn/u/1484065501?,"https://tva4.sinaimg.cn/crop.224.0.1146.1146.180/58750addgw1f4l8sz3v6bj21kw0vy4fu.jpg?KID=imgbed,tva&Expires=1733311644&ssig=dB6CShTQfo",True,å¾®åšæ–°çŸ¥åšä¸» æ±½è½¦åšä¸»,2347,1058000
7540793957,ç§‘æŠ€ther,,f,https://m.weibo.cn/u/7540793957?,"https://tvax2.sinaimg.cn/crop.0.0.236.236.180/008ekoYZly8gnbavrlaulj306o0bumxn.jpg?KID=imgbed,tva&Expires=1733311644&ssig=AP4%2BL%2BcXls",False,,23,-1
2660940103,ç¯çƒç½‘ç§‘æŠ€é¢‘é“,ä¸ä¸€æ ·çš„ITè§†è§’,f,https://m.weibo.cn/u/2660940103?,"https://tvax3.sinaimg.cn/crop.0.0.350.350.180/9e9ab947ly8h8vgerstoij209q09qdft.jpg?KID=imgbed,tva&Expires=1733311644&ssig=5OH6%2BqjmV7",True,ç¯çƒç½‘ç§‘æŠ€é¢‘é“å®˜æ–¹å¾®åš,722,1018000
7540794401,å±±å—monsçš„å®éªŒå®¤,,f,https://m.weibo.cn/u/7540794401?,"https://tvax1.sinaimg.cn/crop.0.0.354.354.180/008ekp69ly8gmuasbnmb5j30u00u0792.jpg?KID=imgbed,tva&Expires=1733311644&ssig=3Hd39IKXOL",False,,12,-1
7540927874,æˆ´å¤§å½±çš„å‚»å­,,f,https://m.weibo.cn/u/7540927874?,"https://tvax2.sinaimg.cn/crop.15.21.1059.1059.180/008ekXOWly8gmve9p3ed2j30u00u0dpy.jpg?KID=imgbed,tva&Expires=1733311644&ssig=YU6B55FYgQ",False,,25,-1
7540794053,è€çŒ´bitå“ˆå“ˆå“ˆ,,f,https://m.weibo.cn/u/7540794053?,"https://tvax4.sinaimg.cn/crop.195.0.333.333.180/008ekp0xly8gnbnguge55j30go0b40u3.jpg?KID=imgbed,tva&Expires=1733311644&ssig=z2O%2BjhB5ob",False,,5,-1
7540927659,ä¸€å¤©é’æ˜¥_15,,f,https://m.weibo.cn/u/7540927659?,"https://tvax3.sinaimg.cn/crop.152.372.800.800.180/008ekXLtly8gmv3gt8q1qj30u0140n25.jpg?KID=imgbed,tva&Expires=1733311644&ssig=XMkXf7BPAI",False,,2,-1
7540794178,æ—©ç¡asdfs,,f,https://m.weibo.cn/u/7540794178?,"https://tvax1.sinaimg.cn/crop.222.55.555.555.180/008ekp2yly8gnbx7ms3lbj30rs0ij0wl.jpg?KID=imgbed,tva&Expires=1733311644&ssig=TEEoPstgfR",False,,2,-1
7540927821,å°å°é‡Œçš„é£æ³¢,,f,https://m.weibo.cn/u/7540927821?,"https://tvax1.sinaimg.cn/crop.480.192.600.600.180/008ekXO5ly8gmvayg625yj30u00u0dpy.jpg?KID=imgbed,tva&Expires=1733311644&ssig=ggW7hLNCC7",False,,2,-1
7540663389,é›ªäººæœçœ‹ä¼Š,,f,https://m.weibo.cn/u/7540663389?,"https://tvax1.sinaimg.cn/crop.105.100.277.277.180/008ejR13ly8gnch00nxomj30dw0bjmxf.jpg?KID=imgbed,tva&Expires=1733311644&ssig=jBw5S1byLn",False,,6,-1
7540663326,Muè¡¡,,f,https://m.weibo.cn/u/7540663326?,"https://tvax3.sinaimg.cn/crop.0.249.246.246.180/008ejR02ly8gnbl725jsqj30me0dswfm.jpg?KID=imgbed,tva&Expires=1733311644&ssig=SgwBmtx3ez",False,,2,-1
7540794291,SCæŒ‡åŒ—,,f,https://m.weibo.cn/u/7540794291?,"https://tvax1.sinaimg.cn/crop.432.18.900.900.180/008ekp4nly8gmv4nuedtkj31900u0dl9.jpg?KID=imgbed,tva&Expires=1733311644&ssig=RuQQFN3xmd",False,,2,-1
6315238106,ä½›ç³»å…»åŸºå°‘å¹´,ä¸“æ³¨åŸºé‡‘å°ç™½ï¼å­¦ä¹ åŸºé‡‘çŸ¥è¯†ï¼Œè¯·çœ‹ä¸“æ æ–‡ç« ï¼,m,https://m.weibo.cn/u/6315238106?,"https://tvax2.sinaimg.cn/crop.0.0.1080.1080.180/006To5V8ly8gx9qg53rh8j30u00u00tp.jpg?KID=imgbed,tva&Expires=1733311644&ssig=t%2FosfMAI8p",True,åŸºé‡‘åšä¸»  è´¢ç»çŸ¥è¯†åˆ†äº«å®˜ è´¢ç»åšä¸» è¶…è¯ç²‰ä¸å¤§å’–ï¼ˆåŸºé‡‘è¶…è¯ï¼‰,248,138000
7541061344,å±‹åMan,,f,https://m.weibo.cn/u/7541061344?,"https://tvax4.sinaimg.cn/crop.0.0.720.720.180/008elwxGly8gmvh3l61e5j30k00k0q50.jpg?KID=imgbed,tva&Expires=1733311644&ssig=vs9vEnhLze",False,,3,-1
7541061078,å¥‡ç©—kon,,f,https://m.weibo.cn/u/7541061078?,"https://tvax4.sinaimg.cn/crop.140.319.798.798.180/008elwtoly8gmu90bkozvj30u013yjv2.jpg?KID=imgbed,tva&Expires=1733311644&ssig=5R01Od1QhK",False,,14,-1
7540927794,ç¬¬5è§‚,,f,https://m.weibo.cn/u/7540927794?,"https://tvax4.sinaimg.cn/crop.444.244.432.432.180/008ekXNEly8gmua5a5l6mj31400u0n0d.jpg?KID=imgbed,tva&Expires=1733311644&ssig=%2FEJJHN7vgk",False,,11,-1
1858779782,ç¿©è·¹ä¸€æ¢¦,å³ä½¿æ˜¯æœ‰ä¸Šå¸è§†è§’çš„äººï¼Œå…¶è‚‰ä½“ä¹Ÿå¯èƒ½åœ¨å‡¡é—´å¹²ç€è ¢äº‹,f,https://m.weibo.cn/u/1858779782?,"https://tvax2.sinaimg.cn/crop.0.0.996.996.180/6ecaba86ly8gdlptsfuykj20ro0rodjs.jpg?KID=imgbed,tva&Expires=1733315223&ssig=7NfubZpZnW",True,è¶…è¯ç²‰ä¸å¤§å’–ï¼ˆè®¸å‡¯è¶…è¯ï¼‰,378,-1
7541061290,æŠ¤åŸAæ¢¦,,f,https://m.weibo.cn/u/7541061290?,"https://tvax1.sinaimg.cn/crop.0.129.234.234.180/008elwwOly8gmve3z1q07j30u00u00z3.jpg?KID=imgbed,tva&Expires=1733315223&ssig=xbaAu5susT",False,,1,-1
7541192674,çº¯é‡‘è€Œä¸º20141221,,f,https://m.weibo.cn/u/7541192674?,"https://tvax2.sinaimg.cn/crop.202.0.1080.1080.180/008em4HUly8gmu92uj0d1j318z0u0afu.jpg?KID=imgbed,tva&Expires=1733315223&ssig=3r9gmN7N1i",False,,1,-1
2356799752,è™«å®¢-å½—æ˜Ÿ,ä¸ºä»€ä¹ˆè¦ç”¨åˆ«äººçš„çœ¼å…‰å’Œå£°éŸ³ä¸ˆé‡è‡ªå·±çš„ä¸–ç•Œ...,m,https://m.weibo.cn/u/2356799752?,"https://tvax1.sinaimg.cn/crop.0.0.600.600.180/8c79e908ly8hv6xe6nibuj20go0go76n.jpg?KID=imgbed,tva&Expires=1733315223&ssig=oYD13PCUbc",False,,164,-1
7541192859,snæ±,,f,https://m.weibo.cn/u/7541192859?,"https://tvax1.sinaimg.cn/crop.256.52.800.800.180/008em4KTly8gmvc2lupfbj31400u0qge.jpg?KID=imgbed,tva&Expires=1733315223&ssig=cc7AaQmG0W",False,,1,-1
7540927573,é¾™å¤´æˆé•¿ç­–ç•¥,,f,https://m.weibo.cn/u/7540927573?,"https://tvax2.sinaimg.cn/crop.222.55.555.555.180/008ekXK5ly8gnaiws1nt1j30rs0ij75p.jpg?KID=imgbed,tva&Expires=1733315223&ssig=Ar%2Fgt1%2FXOe",False,,2,-1
1774314942,Hiæˆ‘æ˜¯è€é›„,æˆ‘ä¹ŸçŸ¥é“åœ¨æˆ‘é‡Œå¤´ï¼Œå°±æ˜¯æˆ‘è‚‰ä½“ä¹‹ä¸­ï¼Œæ²¡æœ‰è‰¯å–„ã€‚å› ä¸ºç«‹å¿—ä¸ºå–„ç”±å¾—æˆ‘ï¼Œåªæ˜¯è¡Œå‡ºæ¥ç”±ä¸å¾—æˆ‘ã€‚æ•…æ­¤ï¼Œæˆ‘æ‰€æ„¿æ„çš„å–„ï¼Œæˆ‘åä¸ä½œï¼›æˆ‘æ‰€ä¸æ„¿æ„çš„æ¶ï¼Œæˆ‘å€’å»ä½œã€‚,m,https://m.weibo.cn/u/1774314942?,"https://tvax4.sinaimg.cn/crop.0.0.1242.1242.180/69c1e5bely8fr6i1x6kxaj20yi0yi42f.jpg?KID=imgbed,tva&Expires=1733315223&ssig=NPB1d5xxnE",False,,270,-1
7540927432,é˜¿_ä¸è¢«ç½©,,f,https://m.weibo.cn/u/7540927432?,"https://tvax2.sinaimg.cn/crop.0.38.266.266.180/008ekXHOly8gnbhxi8o56j30dw08h74k.jpg?KID=imgbed,tva&Expires=1733315223&ssig=I9MLL2V6eh",False,,13,-1
7540663487,å¿ƒå¦‚tcoinwinæŠ•ç ”,,f,https://m.weibo.cn/u/7540663487?,"https://tvax3.sinaimg.cn/crop.100.629.833.833.180/008ejR2Dly8gnbxk8micpj30rs15on0m.jpg?KID=imgbed,tva&Expires=1733315223&ssig=QoRID3hegN",False,,4,-1
5780149149,å­é¥®,å•†åŠ¡åˆä½œè¯·â•vï¼š748152,m,https://m.weibo.cn/u/5780149149?,"https://tvax2.sinaimg.cn/crop.0.0.1080.1080.180/006jaUQ5ly8hli05oydxsj30u00u0q49.jpg?KID=imgbed,tva&Expires=1733315223&ssig=4wSvaqvu8z",True,ä½œå®¶ æç¬‘å¹½é»˜åšä¸»,1575,2179000
7540927591,æ‰‘å…‹åŸ8bc,,f,https://m.weibo.cn/u/7540927591?,"https://tvax4.sinaimg.cn/crop.222.97.555.555.180/008ekXKnly8gnbx5vlfuij30rs0ku0ux.jpg?KID=imgbed,tva&Expires=1733315223&ssig=hZi4jvG9rs",False,,1,-1
7540663626,é“å‹ä¹¦è°å¯„æ¥çš„,,f,https://m.weibo.cn/u/7540663626?,"https://tvax1.sinaimg.cn/crop.68.183.900.900.180/008ejR4Sly8gmvcs52nhsj30u0190q8l.jpg?KID=imgbed,tva&Expires=1733315223&ssig=%2BzsT9jaqPr",False,,1,-1
3106491275,gwsæ»¡å¤©æ˜Ÿ,é¥®å†°åå¹´ï¼Œéš¾å‡‰çƒ­è¡€ã€‚,m,https://m.weibo.cn/u/3106491275?,"https://tvax4.sinaimg.cn/crop.0.0.996.996.180/b9294b8bly8fnawt8g1u2j20ro0rpzml.jpg?KID=imgbed,tva&Expires=1733315223&ssig=0oSC713V58",False,,6,-1
2949102572,æ¨å®‡2005,èŒä¸šæ“ç›˜æ‰‹ï¼Œç›˜ä¸­å³æ—¶å…¬å¼€æ¨å‡ºçš„ä¸ªè‚¡70%çš„ä¸ªè‚¡ä¼šä¸Šæ¶¨ã€ä¸åˆ åšã€ä¸ä¿®æ”¹å¾®åšå†…å®¹ï¼Œä»ä¸é©¬åç‚®ã€‚æ‰€æœ‰ç›˜ä¸­è§‚ç‚¹ä¸ä»£è¡¨æŠ•èµ„è¡Œä¸ºï¼Œè·Ÿè€…è‡ªè´Ÿã€‚,m,https://m.weibo.cn/u/2949102572?,"https://tvax4.sinaimg.cn/crop.0.86.111.111.180/003dA8iwly8guggzur59ij604605k3yh02.jpg?KID=imgbed,tva&Expires=1733315223&ssig=wQrkGcb3Jc",True,è´¢ç»åšä¸»,126,491000
1826796923,èŠ¯æ¦œ,èµ„æ·±åª’ä½“äººï¼›èŠ¯æ¦œï¼ˆèŠ¯ç‰‡æ’è¡Œæ¦œï¼‰åˆ›å§‹äººï¼›åŠå¯¼ä½“è¡Œä¸šè§‚å¯Ÿåˆ›å§‹äººï¼›åŠå¯¼ä½“åœˆå‘èµ·äººã€‚,m,https://m.weibo.cn/u/1826796923?,"https://tvax4.sinaimg.cn/crop.0.0.512.512.180/6ce2b57bly8hsavpklqgcj20e80e8mx9.jpg?KID=imgbed,tva&Expires=1733315223&ssig=MA5UGcUqgY",True,èŠ¯æ¦œç§‘æŠ€åˆ›å§‹äºº&CEO å¤´æ¡æ–‡ç« ä½œè€…,1139,20000
1677311094,é—®é—®é©¬æ–¯å…‹AskMusk,äº†è§£é©¬æ–¯å…‹ï¼Œå…³æ³¨æˆ‘ä»¬å°±å¯¹äº†,m,https://m.weibo.cn/u/1677311094?,"https://tvax3.sinaimg.cn/crop.0.0.800.800.180/63f9bc76ly8hb3weiaadvj20m80m8t9b.jpg?KID=imgbed,tva&Expires=1733315223&ssig=vQI1mgqFG9",True,å¾®åšåŸåˆ›è§†é¢‘åšä¸»,497,150000
7541192590,å¿˜æˆ‘å•Š_58,,f,https://m.weibo.cn/u/7541192590?,"https://tvax3.sinaimg.cn/crop.308.30.555.555.180/008em4Gyly8gna521o3mjj30rs0rsju2.jpg?KID=imgbed,tva&Expires=1733315223&ssig=xo9xpEJdeo",False,,3,-1
7540663355,ä¹¦ç”Ÿè€…å­¦æœ¬æ‰‹,,f,https://m.weibo.cn/u/7540663355?,"https://tvax4.sinaimg.cn/crop.108.0.568.568.180/008ejR0vly8gnbmolrliaj30sg0hsacp.jpg?KID=imgbed,tva&Expires=1733315223&ssig=LSZ1wl%2Fsky",False,,3,-1
1402084542,ç¢é“¶åƒç•ªç›ˆäºè«é—®,Your focus determines your reality.,m,https://m.weibo.cn/u/1402084542?,"https://tvax2.sinaimg.cn/crop.0.0.1080.1080.180/53921cbely8h05nkgjc8xj20u00u0dmn.jpg?KID=imgbed,tva&Expires=1733315223&ssig=jTxayD0Q%2Bv",False,,95,-1
6161794726,åŠ é›·æ–¯åœ¨æˆéƒ½,å·¥ç¨‹æŠ€æœ¯ï¼Œæ•™è‚²ç§‘ç ”ï¼Œè¶³çƒå°å­,m,https://m.weibo.cn/u/6161794726?,"https://tvax3.sinaimg.cn/crop.0.0.750.750.180/006J0ghUly8fz6bfvjicij30ku0kuwfw.jpg?KID=imgbed,tva&Expires=1733315223&ssig=wzF59mVVgP",False,,529,-1
7541192499,å¯‚å°ç«¥_92,,f,https://m.weibo.cn/u/7541192499?,"https://tvax1.sinaimg.cn/crop.56.227.568.568.180/008em4F5ly8gnblvl9dpmj30iy0sfac9.jpg?KID=imgbed,tva&Expires=1733315223&ssig=atY89dnVRO",False,,19,-1
6450367173,å¿«å…°æ–¯24å°æ—¶è´¢ç»ç›´æ’­2,å¿«å…°æ–¯é‡‘è http://www.financebe.com/,m,https://m.weibo.cn/u/6450367173?,"https://tvax2.sinaimg.cn/crop.0.0.690.690.180/0072x5adly8fn2vafuv6dj30j60j6zki.jpg?KID=imgbed,tva&Expires=1733315223&ssig=s4Ri%2FcBISX",False,,26,72000
7540794103,ç¾¤æ°“ntorquarry,,f,https://m.weibo.cn/u/7540794103?,"https://tvax4.sinaimg.cn/crop.130.55.388.388.180/008ekp1lly8gnci7jecgoj30jg0hwabr.jpg?KID=imgbed,tva&Expires=1733315223&ssig=T%2BkCIhfEiN",False,,1,-1
7540927411,å¤å¤©ç ”ç©¶é™¢,,f,https://m.weibo.cn/u/7540927411?,"https://tvax2.sinaimg.cn/crop.270.264.284.284.180/008ekXHtly8gnbdm4linsj30sg0sgwg2.jpg?KID=imgbed,tva&Expires=1733315223&ssig=p6gfAoaW5c",False,,1,-1
7541061019,0oæ˜“,,f,https://m.weibo.cn/u/7541061019?,"https://tvax4.sinaimg.cn/crop.0.0.555.555.180/008elwsrly8gnbx9xe3pqj30rs0fnabq.jpg?KID=imgbed,tva&Expires=1733315223&ssig=zb2Cnp16oN",False,,4,-1
7541192546,ç‹ç‰Œåƒé‡Œ,,f,https://m.weibo.cn/u/7541192546?,"https://tvax3.sinaimg.cn/crop.186.0.393.393.180/008em4FQly8gnci16vbh7j30jo0dh40a.jpg?KID=imgbed,tva&Expires=1733315223&ssig=hA57tqHM3m",False,,1,-1
7541061314,å•Š_123_81,,f,https://m.weibo.cn/u/7541061314?,"https://tvax4.sinaimg.cn/crop.167.796.227.227.180/008elwxcly8gmvfrasoxqj30sg0sgtei.jpg?KID=imgbed,tva&Expires=1733315223&ssig=kyVf%2BQsCro",False,,1,-1
7540794285,è€è™sunrises,,f,https://m.weibo.cn/u/7540794285?,"https://tvax2.sinaimg.cn/crop.501.91.896.896.180/008ekp4hly8gmv3vrzwxtj318t0u0tbp.jpg?KID=imgbed,tva&Expires=1733315223&ssig=0ctsgqQ%2Fhe",False,,1,-1
7812616442,JSM1196,å¤©è¡Œå¥å›å­ä»¥è‡ªå¼ºä¸æ¯ï¼Œåœ°åŠ¿å¤å›å­ä»¥åšå¾·è½½ç‰©ï¼,m,https://m.weibo.cn/u/7812616442?,"https://tvax3.sinaimg.cn/crop.0.0.300.300.180/008wIWqCly8hnen27pdnxj308c08cq37.jpg?KID=imgbed,tva&Expires=1733315223&ssig=UAFQIdMjpr",False,,1532,-1
7568476091,ç‰¹ç©ºé—´Tspace,å…¨ç½‘æœ€é½å…¨çš„ç‰¹æ–¯æ‹‰çŸ­è®¯,m,https://m.weibo.cn/u/7568476091?,"https://tvax1.sinaimg.cn/crop.0.0.750.750.180/008gcyn1ly8h3zq2m4gq6j30ku0kuq3c.jpg?KID=imgbed,tva&Expires=1733315223&ssig=exria4RqiD",False,,330,16000
3802249090,å¤©æ´¥ä¾ å“¥å·,,m,https://m.weibo.cn/u/3802249090?,"https://tvax3.sinaimg.cn/crop.0.0.600.600.180/e2a1b782ly8hl9gd35yogj20go0gojs9.jpg?KID=imgbed,tva&Expires=1733315223&ssig=Z4KW5dzU3a",False,,2757,52000
1161888831,SUNQQY,å…³æ³¨æœªæ¥çš„è´¢åŠ¡è‡ªç”±ï¼,m,https://m.weibo.cn/u/1161888831?,"https://tva4.sinaimg.cn/crop.0.47.104.104.180/4541043ftw1enb7fntszjg202x05kjr8.gif?KID=imgbed,tva&Expires=1733315223&ssig=JQp5FzzpAo",False,,946,-1
7833030132,ä¿¡å·ä¸å™ªå£°,åº”è¯¥æ˜¯ç¾è‚¡ç­‰æµ·å¤–æŠ•èµ„ä¿¡æ¯æœ€å¤šçš„å·äº†å§ï½å½“ç¬”è®°æœ¬ç”¨çš„ï¼Œçœ‹åˆ°æœ‰ç”¨çš„æµ·å¤–æŠ•èµ„ä¿¡æ¯éƒ½å¾€è¿™é‡Œæ”¾ï½å¦ï¼Œã€Šä¿¡å·ä¸å™ªå£°ã€‹æ˜¯ä¸€æœ¬å¾ˆå€¼å¾—çœ‹çš„ä¹¦å•Šï½,m,https://m.weibo.cn/u/7833030132?,"https://tvax2.sinaimg.cn/crop.0.0.1080.1080.180/008y6AXGly8htt4cm05uvj30u00u0gmb.jpg?KID=imgbed,tva&Expires=1733315223&ssig=DR2Rh3Dshz",True,è´¢ç»è§‚å¯Ÿå®˜ äº’è”ç½‘ç§‘æŠ€åšä¸»,945,14000
7846373564,å¦å¦¹æŒ‡å¯¼,æ“…é•¿çŸ­çº¿ï¼Œæ³¢æ®µï¼Œä¸­é•¿çº¿åˆçº¦åˆ†æä¸å¸ƒå±€,f,https://m.weibo.cn/u/7846373564?,"https://tvax2.sinaimg.cn/crop.0.0.1067.1067.180/008z0Ackly8hv3hhhxmgrj30tn0tn40k.jpg?KID=imgbed,tva&Expires=1733315223&ssig=4OaavaF8XH",True,è¶…è¯ç²‰ä¸é’»å’–ï¼ˆæ¯”ç‰¹å¸BTCè¶…è¯ï¼‰ å¾®åšåŸåˆ›è§†é¢‘åšä¸»,649,26000
7540927673,å·é¸¡èµ°éä¸–ç•ŒV,,f,https://m.weibo.cn/u/7540927673?,"https://tvax3.sinaimg.cn/crop.90.360.900.900.180/008ekXLHly8gmv4otmf25j30u0190aca.jpg?KID=imgbed,tva&Expires=1733315223&ssig=j52RgII9DF",False,,2,-1
6609612161,é’±å±€é•¿æœ¬äºº,åˆ›ä¸šæŠ•èµ„ å›½é™…è´¸æ˜“,m,https://m.weibo.cn/u/6609612161?,"https://tvax3.sinaimg.cn/crop.0.0.996.996.180/007djg3Lly8gdimwczpkzj30ro0ro0vf.jpg?KID=imgbed,tva&Expires=1733315223&ssig=eDampz%2FTuD",True,è´¢ç»åšä¸» å¤´æ¡æ–‡ç« ä½œè€…,509,404000
1640337222,ç¯çƒå¸‚åœºæ’­æŠ¥,æ–°æµªè´¢ç»å›½é™…ç»„å®˜åšï¼Œç¬¬ä¸€æ—¶é—´ä¼ é€’ç¯çƒå¸‚åœºé£äº‘ã€å…³æ³¨ä¸–ç•Œè´¢ç»ã€‚ä¸»æ‰“äº§å“æ–°æµªè´¢ç»APPï¼Œå…¨çƒåäººé¦–é€‰è´¢ç»APPï¼Œå¤§æ•°æ®è¯Šè‚¡å¼€æ”¾ä½“éªŒï¼Œåå®¶é«˜æ‰‹åœ¨çº¿ç­”ç–‘ï¼ŒAè‚¡ã€æ¸¯è‚¡ã€ç¾è‚¡ã€æœŸè´§ã€å¤–æ±‡æ‰€æœ‰è¡Œæƒ…å…¨è¦†ç›–ã€‚,m,https://m.weibo.cn/u/1640337222?,"https://tvax1.sinaimg.cn/crop.0.0.600.600.180/001N0GDYly8h8vhspulmjj60go0go76n02.jpg?KID=imgbed,tva&Expires=1733315223&ssig=3LZeQU8mFY",True,æ–°æµªè´¢ç»ç¾è‚¡å®˜æ–¹å¾®åš,960,5860000
7540794259,Caé•¿å¹³å·¥ä½œå®¤,,f,https://m.weibo.cn/u/7540794259?,"https://tvax4.sinaimg.cn/crop.409.0.1080.1080.180/008ekp3Rly8gmv2ujun6hj31900u0n07.jpg?KID=imgbed,tva&Expires=1733315223&ssig=Tcop27TyeN",False,,20,-1
7540927876,é™ˆå°æ˜Œå…„å¼Ÿ,,f,https://m.weibo.cn/u/7540927876?,"https://tvax2.sinaimg.cn/crop.178.376.128.128.180/008ekXOYly8gmveciig89j30qo0qonic.jpg?KID=imgbed,tva&Expires=1733315223&ssig=5hFlmPAx8N",False,,3,-1
7541192869,å†›å·¥xiaoå§,,f,https://m.weibo.cn/u/7541192869?,"https://tvax2.sinaimg.cn/crop.96.0.1080.1080.180/008em4L3ly8gmvcvykaevj317u0u00xg.jpg?KID=imgbed,tva&Expires=1733315223&ssig=NISHLsUCWR",False,,16,-1
7540663546,æ¶“æ¶“iday114,,f,https://m.weibo.cn/u/7540663546?,"https://tvax4.sinaimg.cn/crop.96.268.984.984.180/008ejR3Aly8gmu9h2bhm7j30u0140adk.jpg?KID=imgbed,tva&Expires=1733315223&ssig=yEhDxgCsmI",False,,1,-1
7541061145,é©¬é–å¤å¤©ä¹,,f,https://m.weibo.cn/u/7541061145?,"https://tvax3.sinaimg.cn/crop.324.9.900.900.180/008elwutly8gmvb2npg6rj31900u0wk6.jpg?KID=imgbed,tva&Expires=1733315223&ssig=hXX5Yk9U5Q",False,,1,-1
2804465513,å¤é‡Œå¤æ€ª2024,ä¸€åˆ‡çš†æ˜¯æ¦‚ç‡,m,https://m.weibo.cn/u/2804465513?,"https://tvax2.sinaimg.cn/crop.0.0.600.600.180/a728bf69ly8hnqyqpw1yxj20go0godgx.jpg?KID=imgbed,tva&Expires=1733315223&ssig=scJD7L0L0G",True,å¾®åšå‰ªè¾‘è§†é¢‘åšä¸»,1813,-1
3981264340,qynster,è‡ªå¾‹è‡ªç”±è‡ªåœ¨,m,https://m.weibo.cn/u/3981264340?,"https://tvax3.sinaimg.cn/crop.0.0.1080.1080.180/ed4d45d4ly8hu0t0p93ffj20u00u0414.jpg?KID=imgbed,tva&Expires=1733315223&ssig=IIKUj4vugD",False,,423,-1
7958533191,æŠ¤å£«è°æŠ•èµ„,æŠ¤å£«è½¬å‹ä¸ºæŠ•èµ„è€…ã€‚åˆ†äº«æˆ‘çš„é‡‘èæ—…ç¨‹å’Œæ˜æ™ºè´¢å¯Œç§˜è¯€ã€‚,f,https://m.weibo.cn/u/7958533191?,"https://tvax2.sinaimg.cn/crop.0.0.708.708.180/008GBc2zly8hw2cploxm2j30jo0jp40u.jpg?KID=imgbed,tva&Expires=1733315223&ssig=veRQDXldwn",False,,62,-1
7541192771,ç¥å¼ƒtherine99,,f,https://m.weibo.cn/u/7541192771?,"https://tvax1.sinaimg.cn/crop.172.84.996.996.180/008em4Jtly8gmu7ngxetwj31400u07cb.jpg?KID=imgbed,tva&Expires=1733315223&ssig=hih%2Bhqt6Fn",False,,14,-1
7540927596,9apb27,,f,https://m.weibo.cn/u/7540927596?,"https://tvax1.sinaimg.cn/crop.444.14.555.555.180/008ekXKsly8gnbxdfs7eyj30rs0ijace.jpg?KID=imgbed,tva&Expires=1733315223&ssig=23UnorOta9",False,,15,-1
5638787948,é”¦æ™Ÿé‡åŒ–,ç­–ç•¥åŠ©åŠ›ç¨³å¥æ”¶ç›Š æŠ€æœ¯åŠ©åŠ›ä¿éšœæ”¶ç›Š,f,https://m.weibo.cn/u/5638787948?,"https://tvax1.sinaimg.cn/crop.0.0.1000.1000.180/0069BMkIly8hw0s8x4xvyj30rs0rsgm5.jpg?KID=imgbed,tva&Expires=1733315223&ssig=ECSKBmkHoQ",False,,52,32000
3242164710,å°è‰çš„å¤©ç©ºzlll,,m,https://m.weibo.cn/u/3242164710?,"https://tva3.sinaimg.cn/crop.0.0.180.180.180/c13f81e6jw1e8qgp5bmzyj2050050aa8.jpg?KID=imgbed,tva&Expires=1733315223&ssig=VSTzGm91X1",True,ç”³ä¸‡å®æºè¥¿éƒ¨è¯åˆ¸æœ‰é™å…¬å¸ ç†è´¢è§„åˆ’å¸ˆ,58,-1
7540927860,å¤§æ©™è€Œä¸Š,,f,https://m.weibo.cn/u/7540927860?,"https://tvax4.sinaimg.cn/crop.288.268.800.800.180/008ekXOIly8gmvc9rdpo9j31400u0jxd.jpg?KID=imgbed,tva&Expires=1733315223&ssig=LfHIkaH7a8",False,,10,-1
7540663764,å°å¿ƒç‰›è¿å½“å¤´,,f,https://m.weibo.cn/u/7540663764?,"https://tvax1.sinaimg.cn/crop.387.129.504.504.180/008ejR76ly8gmve8xmtpej30u00u0wln.jpg?KID=imgbed,tva&Expires=1733315223&ssig=2gb%2BMgQIdq",False,,1,-1
7541192627,æ²‰åŸæ”¾çš„mogwai,,f,https://m.weibo.cn/u/7541192627?,"https://tvax2.sinaimg.cn/crop.90.359.898.898.180/008em4H9ly8gmu4icxcpnj30u018xady.jpg?KID=imgbed,tva&Expires=1733315223&ssig=PdWXnJyQpx",False,,2,-1
1979077181,åˆ˜æ·±å¯¼æ¼”,å¯¼æ¼”/ç¼–å‰§/ç§‘æ™®ä½œå®¶/éè™šæ„æ–‡å­¦ä½œå®¶/å†å²å­¦è€…/åª’ä½“äºº/éŸ³ä¹åˆ¶ä½œäºº,m,https://m.weibo.cn/u/1979077181?,"https://tva1.sinaimg.cn/crop.0.0.1242.1242.180/75f6523djw8f8eq2ggbvaj20yi0yiq5y.jpg?KID=imgbed,tva&Expires=1733315223&ssig=19Zl3uZnYy",False,,524,-1
7830587531,å­£å©‰å©·æ—¥è®°,,f,https://m.weibo.cn/u/7830587531?,"https://tvax3.sinaimg.cn/crop.0.0.1080.1080.180/008xWlwTly8hvsplsvhsxj30u00u0di3.jpg?KID=imgbed,tva&Expires=1733315223&ssig=YhWk6GTG%2Bu",True,å¨±ä¹åšä¸»,5507,106000
7540794297,ç§‘æŠ€å°ç™½èœ10,,f,https://m.weibo.cn/u/7540794297?,"https://tvax1.sinaimg.cn/crop.165.300.750.750.180/008ekp4tly8gmv5jxfityj30u011i0tz.jpg?KID=imgbed,tva&Expires=1733315223&ssig=%2F0LBQLPp77",False,,0,-1
5787403388,å¥¹å·²ç»ä¸ç©è‚¡ç¥¨ç©å½©ç¥¨äº†,,m,https://m.weibo.cn/u/5787403388?,"https://tvax4.sinaimg.cn/crop.0.0.512.512.180/006jFlZWly8hbz5ouocctj30e80e8aag.jpg?KID=imgbed,tva&Expires=1733315223&ssig=1jgZw55ZuM",False,,517,-1
7540927362,è¶…8å’Œè¹¦çƒ,,f,https://m.weibo.cn/u/7540927362?,"https://tvax2.sinaimg.cn/crop.100.24.250.250.180/008ekXGGly8gnaino11n7j30cj08cwey.jpg?KID=imgbed,tva&Expires=1733315223&ssig=oomeyfHZvO",False,,15,-1
7540663319,ç¥ç»ä¸çˆ½_20,,f,https://m.weibo.cn/u/7540663319?,"https://tvax3.sinaimg.cn/crop.624.120.960.960.180/008ejQZVly8gnbj9m0mcij31c00u0q66.jpg?KID=imgbed,tva&Expires=1733315223&ssig=NJehTSsJvz",False,,14,-1
7541192709,é¹¿é¼å“¥668,,f,https://m.weibo.cn/u/7541192709?,"https://tvax2.sinaimg.cn/crop.185.283.709.709.180/008em4Itly8gmv3zxdawrj30u00zh0vn.jpg?KID=imgbed,tva&Expires=1733315223&ssig=BSURoP7jXx",False,,1,-1
7541192398,çˆ±æŠ˜è´¢ç»_,,f,https://m.weibo.cn/u/7541192398?,"https://tvax3.sinaimg.cn/crop.118.1.296.296.180/008em4Dsly8gnail9qhs1j30et08c0t3.jpg?KID=imgbed,tva&Expires=1733315223&ssig=1pnoRNa7q6",False,,3,-1
7917313252,è¯è½¦æ­£å½“æ—¶,è¯´è¯´è½¦åœˆçƒ­äº‹,m,https://m.weibo.cn/u/7917313252?,"https://tvax3.sinaimg.cn/crop.0.0.600.600.180/008DOeQQly8hp1rnarfcaj30go0go0w4.jpg?KID=imgbed,tva&Expires=1733315223&ssig=LgFC9NfUS7",False,,109,-1
7540794323,æ™ºæ…§å˜‰_,,f,https://m.weibo.cn/u/7540794323?,"https://tvax3.sinaimg.cn/crop.360.90.900.900.180/008ekp4Tly8gmvc3aznlhj31900u07aa.jpg?KID=imgbed,tva&Expires=1733315223&ssig=D1Y3XIwzez",False,,1,-1
7540927367,çˆ±æ€æ‰¿å…´æŠ•èµ„äºº,,f,https://m.weibo.cn/u/7540927367?,"https://tvax1.sinaimg.cn/crop.96.60.960.960.180/008ekXGLly8gnaixudfl6j31c00u0dm6.jpg?KID=imgbed,tva&Expires=1733315223&ssig=bBVLcUTNnv",False,,1,-1
6204687177,ç°ç°ä»”-æ¹¾åŒº,äººç”Ÿå¤§éƒ¨åˆ†æ—¶é—´åœ¨åŒ—äº¬ï¼Œç°å±…ç¾å›½æ¹¾åŒºã€‚  è¿˜ç®—ä¸“ä¸šçš„è½¯ä»¶å·¥ç¨‹å¸ˆï¼Œè¶³å¤Ÿä¸šä½™çš„æŠ•èµ„äººï¼Œæœ‰äº›æ·±æƒ…çš„ç”·äººã€‚,m,https://m.weibo.cn/u/6204687177?,"https://tvax4.sinaimg.cn/crop.0.0.1080.1080.180/006LUezDly8hvoawukh1vj30u00u040p.jpg?KID=imgbed,tva&Expires=1733315223&ssig=Bd1BpjZJv%2B",False,,100,-1
1969493972,ä¸ƒæœˆåˆ¸å•†å²è¯—åè½¬,,m,https://m.weibo.cn/u/1969493972?,"https://tvax2.sinaimg.cn/crop.0.0.512.512.180/756417d4ly8hj115qyr2hj20e80e8dgh.jpg?KID=imgbed,tva&Expires=1733315223&ssig=5FkiY4nkRp",False,,678,24000
7540663376,å²å¸ƒæ²æ²,,f,https://m.weibo.cn/u/7540663376?,"https://tvax2.sinaimg.cn/crop.68.62.297.297.180/008ejR0Qly8gnbo6naa8oj30b50evwfc.jpg?KID=imgbed,tva&Expires=1733315223&ssig=U77mshxG8%2B",False,,17,-1
7541192692,ä¸­å¤–çš„å®¶,,f,https://m.weibo.cn/u/7541192692?,"https://tvax2.sinaimg.cn/crop.136.472.800.800.180/008em4Icly8gmv34apaplj30u0140wjv.jpg?KID=imgbed,tva&Expires=1733315223&ssig=stttFzvJmc",False,,1,-1
1268970762,FeniceM,,f,https://m.weibo.cn/u/1268970762?,"https://tvax1.sinaimg.cn/crop.0.0.1080.1080.180/4ba2f50aly8hrekaiqkifj20u00u00ue.jpg?KID=imgbed,tva&Expires=1733315223&ssig=fSCFhcW5tB",False,,151,140000
7540924389,æ·±å—ç™¾äº¿,,f,https://m.weibo.cn/u/7540924389?,"https://tvax4.sinaimg.cn/crop.320.140.800.800.180/008ekWUJly8gmu0zrjti5j31400u0acw.jpg?KID=imgbed,tva&Expires=1733315223&ssig=UcX%2BuJkSFT",False,,2,-1
1327306000,æ—æ¯…æ²¡æœ‰v,å±…å®‰æ€å± å› ä¸ŠåŠªåŠ› æœä¸Šéšç¼˜,m,https://m.weibo.cn/u/1327306000?,"https://tvax4.sinaimg.cn/crop.0.0.954.954.180/4f1d1510ly8hf94rub6slj20qi0qiwks.jpg?KID=imgbed,tva&Expires=1733315223&ssig=dufBcNkkvv",True,å¾®åšåŸºé‡‘åˆä½œä½œè€…  è´¢ç»çŸ¥è¯†åˆ†äº«å®˜ å¤´æ¡æ–‡ç« ä½œè€…,1931,638000
7540663771,Catchzn,,f,https://m.weibo.cn/u/7540663771?,"https://tvax4.sinaimg.cn/crop.214.489.150.150.180/008ejR7dly8gmvejdp3erj30ku0ku400.jpg?KID=imgbed,tva&Expires=1733315223&ssig=foRmiPe1yi",False,,21,-1
7540663653,æœªé›¨äºº_70,,f,https://m.weibo.cn/u/7540663653?,"https://tvax2.sinaimg.cn/crop.177.2.443.443.180/008ejR5jly8gmu76ndshoj30m70ch0vb.jpg?KID=imgbed,tva&Expires=1733315223&ssig=UurK9KIS1d",False,,26,-1
7540663672,å›­ä¸­ä¹‹è·¯,,f,https://m.weibo.cn/u/7540663672?,"https://tvax4.sinaimg.cn/crop.76.328.800.800.180/008ejR5Cly8gmu88kjzmcj30u0140tfh.jpg?KID=imgbed,tva&Expires=1733315223&ssig=I0fJQTotUy",False,,1,-1
1659280190,QuantHedgeFund,å…³æ³¨å…¬ä¼—å·dglhtzxh,m,https://m.weibo.cn/u/1659280190?,"https://tvax1.sinaimg.cn/crop.140.14.363.363.180/62e69b3ely8ffs9hbj9cgj20i70b70yi.jpg?KID=imgbed,tva&Expires=1733315223&ssig=w0U%2BwqHRNH",True,å¹¿ä¸œè‹±æ¬§å¤§æ•°æ®ç§‘æŠ€æœ‰é™å…¬å¸CFAåˆ†æå¸ˆã€æ•°æ®åˆ†æå¸ˆ è´¢ç»åšä¸»,1624,57000
7331003954,billion-dollar-mango,ç©å®¶ğŸˆ,f,https://m.weibo.cn/u/7331003954?,"https://tvax1.sinaimg.cn/crop.0.0.1080.1080.180/0080891gly8hfx35tk72yj30u00u0q5d.jpg?KID=imgbed,tva&Expires=1733315223&ssig=rd%2FR2HCvOt",False,,100,-1
7764973612,ä¸€å‰‘å°ä¹å¦–,ä»¥é¾™å¤´æ€ç»´äº¤æ˜“å¼ºåŠ¿è‚¡,f,https://m.weibo.cn/u/7764973612?,"https://tvax4.sinaimg.cn/crop.0.0.512.512.180/008tv2lSly8hsy8fom3q9j30e80e8gmt.jpg?KID=imgbed,tva&Expires=1733315223&ssig=DitT%2BmWdHq",True,æŠ•èµ„å†…å®¹åˆ›ä½œè€…,119,115000
7540663475,çŸ¥æ¯…peboy,,f,https://m.weibo.cn/u/7540663475?,"https://tvax4.sinaimg.cn/crop.222.55.555.555.180/008ejR2rly8gnbx8p3vdvj30rs0ijq5i.jpg?KID=imgbed,tva&Expires=1733315223&ssig=XAy%2BR2oBwA",False,,14,-1
7541192824,ä»£å·boess,,f,https://m.weibo.cn/u/7541192824?,"https://tvax4.sinaimg.cn/crop.456.212.576.576.180/008em4Kkly8gmubdxpmx3j30u014046a.jpg?KID=imgbed,tva&Expires=1733315223&ssig=8Vs65luaSa",False,,12,-1
7541192544,ç¾è‚¡èµšåˆ°100ä¸‡,,f,https://m.weibo.cn/u/7541192544?,"https://tvax4.sinaimg.cn/crop.80.230.307.307.180/008em4FOly8gnchy1oaysj30dw0fe0tx.jpg?KID=imgbed,tva&Expires=1733315223&ssig=oETkv8MFNu",False,,1,-1
7540793892,å¬è¯´11baba,,f,https://m.weibo.cn/u/7540793892?,"https://tvax3.sinaimg.cn/crop.222.97.555.555.180/008ekoXWly8gncejifa9mj30rs0kumyr.jpg?KID=imgbed,tva&Expires=1733315223&ssig=YIg%2F70A%2BUb",False,,2,-1
7540663391,è¶Šäººæ´¾,,f,https://m.weibo.cn/u/7540663391?,"https://tvax1.sinaimg.cn/crop.109.8.277.277.180/008ejR15ly8gnch2xjnskj30dw09ujsb.jpg?KID=imgbed,tva&Expires=1733315223&ssig=cIACneqzqR",False,,0,-1
7541192425,ç§‘æŠ€dsgame,,f,https://m.weibo.cn/u/7541192425?,"https://tvax4.sinaimg.cn/crop.165.0.169.169.180/008em4DTly8gnbbbu88s3j30dw08paaf.jpg?KID=imgbed,tva&Expires=1733315223&ssig=MDGeMYsjkx",False,,1,-1
7240514918,è°·è‡´è¿œæ‰“æ¿,é™ç¨³åˆ¶èƒœ å®¡æ—¶åº¦åŠ¿,m,https://m.weibo.cn/u/7240514918?,"https://tvax1.sinaimg.cn/crop.0.0.512.512.180/007U0sGGly8hsvmyerw54j30e80e8gm0.jpg?KID=imgbed,tva&Expires=1733315223&ssig=uRnyGDeGPj",True,æŠ•èµ„å†…å®¹åˆ›ä½œè€… è¶…è¯å°ä¸»æŒäººï¼ˆä»Šæ—¥çœ‹ç›˜è¶…è¯ï¼‰,416,118000
3989208234,Aæœ¨ç£Š,å¤§æ–¹å¼€æœ—ï¼,m,https://m.weibo.cn/u/3989208234?,"https://tvax4.sinaimg.cn/crop.0.0.940.940.180/edc67caaly8hvu1xm7vhoj20q40q4tah.jpg?KID=imgbed,tva&Expires=1733315223&ssig=dwwh9LxlLT",True,äº’è”ç½‘ç§‘æŠ€åšä¸»,54,47000
6520788112,ç¾è‚¡charttrader,èŒä¸šæŠ•èµ„äººï¼›äº¤æ˜“å›¾å‹ä¸“å®¶ã€‚å…è´£å£°æ˜ï¼šæœ¬äººåˆ†äº«çš„è‚¡ç¥¨æŠ€æœ¯å›¾å½¢ä»…ä¾›å­¦ä¹ ç”¨é€”ï¼Œä¸æ„æˆæŠ•èµ„å»ºè®®ã€‚,f,https://m.weibo.cn/u/6520788112?,"https://tvax4.sinaimg.cn/crop.0.0.600.600.180/0077iyROly8hfz5hwoz9rj30go0gogop.jpg?KID=imgbed,tva&Expires=1733315223&ssig=gyX%2Bd8GcBu",True,è´¢ç»åšä¸»,119,103000
7540663434,è…°åŒ…ä¹¦é™¢,,f,https://m.weibo.cn/u/7540663434?,"https://tvax4.sinaimg.cn/crop.138.41.555.555.180/008ejR1Mly8gn9d8cttrhj30rs0ijmyu.jpg?KID=imgbed,tva&Expires=1733315223&ssig=nrt8a7Bh%2B6",False,,1,-1
7540663674,Dionster11,,f,https://m.weibo.cn/u/7540663674?,"https://tvax3.sinaimg.cn/crop.320.140.800.800.180/008ejR5Ely8gmu8eidbtej31400u0dl8.jpg?KID=imgbed,tva&Expires=1733315223&ssig=ttVWeXch9C",False,,1,-1
7540793935,è‹—ç‚œå…‹å®¶å›­,,f,https://m.weibo.cn/u/7540793935?,"https://tvax3.sinaimg.cn/crop.201.25.298.298.180/008ekoYDly8gnaiaj8nb9j30dw0eyjsb.jpg?KID=imgbed,tva&Expires=1733315223&ssig=DH7sYBEUTr",False,,8,-1
7541192500,è«å¤ªé©¬ç”²,,f,https://m.weibo.cn/u/7541192500?,"https://tvax1.sinaimg.cn/crop.113.0.277.277.180/008em4F6ly8gnblxdaelyj30dw08gab5.jpg?KID=imgbed,tva&Expires=1733315223&ssig=9gRXGrJdEL",False,,2,-1
7541060851,ä¸æƒ³007_21,,f,https://m.weibo.cn/u/7541060851?,"https://tvax3.sinaimg.cn/crop.227.56.568.568.180/008elwpJly8gnbl3def3ej30sf0iytc7.jpg?KID=imgbed,tva&Expires=1733315223&ssig=zKz%2FtzBXRm",False,,1,-1
7540927443,ä¼—ç¥ä¹°æˆ¿è§„åˆ’å¸ˆ,,f,https://m.weibo.cn/u/7540927443?,"https://tvax2.sinaimg.cn/crop.182.45.455.455.180/008ekXHZly8gnbls7nv4zj30ms0f6dh1.jpg?KID=imgbed,tva&Expires=1733315223&ssig=2swwojMkLL",False,,1,-1
7541192622,ç§èŠ±å„å§†å®¶çš„å°å­¦ç”Ÿ,,f,https://m.weibo.cn/u/7541192622?,"https://tvax1.sinaimg.cn/crop.140.320.800.800.180/008em4H4ly8gmu49ruw0aj30u0140gpr.jpg?KID=imgbed,tva&Expires=1733315223&ssig=QGdgibBf%2Ba",False,,3,-1
7541192441,é©¬æ–‡ijinlu,,f,https://m.weibo.cn/u/7541192441?,"https://tvax2.sinaimg.cn/crop.177.85.222.222.180/008em4E9ly8gnbdse59fmj30b40b43yl.jpg?KID=imgbed,tva&Expires=1733315223&ssig=CJVIO2ZY47",False,,10,-1
7540927697,é˜¿æ—¶zddsa,,f,https://m.weibo.cn/u/7540927697?,"https://tvax2.sinaimg.cn/crop.180.618.772.772.180/008ekXM5ly8gmvb184c7ij30u012nae5.jpg?KID=imgbed,tva&Expires=1733315223&ssig=w%2BOXljPC0s",False,,1,-1
7541061127,VG6ldaat,,f,https://m.weibo.cn/u/7541061127?,"https://tvax3.sinaimg.cn/crop.36.229.1044.1044.180/008elwubly8gmv5pdbrl3j30u0190tcb.jpg?KID=imgbed,tva&Expires=1733315223&ssig=ATqHf40A05",False,,28,-1
7541061200,åŠ©ç†æ°”èµšçš„é’±,,f,https://m.weibo.cn/u/7541061200?,"https://tvax2.sinaimg.cn/crop.232.0.880.880.180/008elwvmly8gmu8i299vhj31400u07c9.jpg?KID=imgbed,tva&Expires=1733315223&ssig=kbzbgJvTpd",False,,13,-1
7541192741,GzæŠ•èµ„,,f,https://m.weibo.cn/u/7541192741?,"https://tvax2.sinaimg.cn/crop.400.40.1000.1000.180/008em4IZly8gmvbo9cfsbj31e00u0mzs.jpg?KID=imgbed,tva&Expires=1733315223&ssig=u8IBykCcxW",False,,3,-1
7540927744,å…³å°‘åŠ è²çŒ«,,f,https://m.weibo.cn/u/7540927744?,"https://tvax2.sinaimg.cn/crop.280.0.800.800.180/008ekXMQly8gmu7c0q17hj30u01401ax.jpg?KID=imgbed,tva&Expires=1733315223&ssig=2v7n8l8m0Y",False,,2,-1
7540794192,è´¢ç»è›‹ç‚’é¥­1,,f,https://m.weibo.cn/u/7540794192?,"https://tvax3.sinaimg.cn/crop.0.720.900.900.180/008ekp2Mly8gmu4e3wdktj30u019044t.jpg?KID=imgbed,tva&Expires=1733315223&ssig=gjSZ3d6geQ",False,,19,-1
1758060055,éšé£_la,,f,https://m.weibo.cn/u/1758060055?,"https://tvax3.sinaimg.cn/crop.0.0.1080.1080.180/68c9de17ly8hs1uu94swej20u00u0dje.jpg?KID=imgbed,tva&Expires=1733315223&ssig=3vj%2FAHR9pl",False,,540,-1
7540794049,Gaå°çŒªç¬¨å°ç‰›,,f,https://m.weibo.cn/u/7540794049?,"https://tvax3.sinaimg.cn/crop.210.219.635.635.180/008ekp0tly8gnbn91x6dzj30qo0nqmxp.jpg?KID=imgbed,tva&Expires=1733315223&ssig=bNYHa%2FNQjc",False,,1,-1
7468169818,lfamazing,æ„Ÿè°¢ä¼Ÿå¤§æ—¶ä»£ï½ï½ï½è®°å½•ä¸ªäººäº¤æ˜“è®°å½•ï¼Œä¸èguã€ä¸è¯„ä»·ã€‚,m,https://m.weibo.cn/u/7468169818?,"https://tvax2.sinaimg.cn/crop.0.0.611.611.180/0089pG7Uly8hucnug44zcj30gz0gzq3a.jpg?KID=imgbed,tva&Expires=1733315223&ssig=Bb%2BjmzMJPg",False,,11,-1
7577432788,-ä¹¦å‰‘èˆ-,åŸå¾®åšåï¼šâ€œæ¹¾æ¹¾å‘±å‘±å«â€,m,https://m.weibo.cn/u/7577432788?,"https://tvax3.sinaimg.cn/crop.0.0.743.743.180/008gO8pSly8h15u0jt4xbj30kn0kndh6.jpg?KID=imgbed,tva&Expires=1733315223&ssig=1xZpMPQhCx",True,å†›äº‹åšä¸» å¾®åšè¯‘åˆ¶è§†é¢‘åšä¸»,173,174000
7813049705,å¥”æ”¾çš„ä¹”å¤šå¤š,ä»¥è¯šç›¸å¾…ï¼ŒçœŸå®ç¬¬ä¸€ï¼,m,https://m.weibo.cn/u/7813049705?,"https://tvax1.sinaimg.cn/crop.0.0.499.499.180/008wKL8Jly8hurgpg3i8tj30dv0dvwfq.jpg?KID=imgbed,tva&Expires=1733315223&ssig=fopAWa1dWl",False,,1111,12000
7663055733,å‡è£…ä¸åœ¨ç¾å›½,è°¨åˆ†äº«ä¸ªäººå¸‚åœºçœ‹æ³•ï¼Œä¸æ„æˆä»»ä½•æŠ•èµ„å»ºè®®ã€‚è°¢è°¢å…³æ³¨ã€‚60å¤©çº¿ä¸Šä¸åšç©ºï¼Œ60å¤©çº¿ä¸‹ä¸åšå¤šï¼Œä¸‰å¤©ä¸èµšé’±å°±è·‘è·¯ã€‚,m,https://m.weibo.cn/u/7663055733?,"https://tvax2.sinaimg.cn/crop.0.0.600.600.180/008mBoR7ly8hbbtp6qc9oj30go0go0ue.jpg?KID=imgbed,tva&Expires=1733315223&ssig=cZAqNiaAOE",False,,309,136000
7541192878,læµ·å¹³å‡¡çš„ç”·å­©,,f,https://m.weibo.cn/u/7541192878?,"https://tvax1.sinaimg.cn/crop.524.216.312.312.180/008em4Lcly8gmvebsr1cnj31400u00zu.jpg?KID=imgbed,tva&Expires=1733315223&ssig=nz2iAVNVBn",False,,1,-1
7541061110,NMé€»è¾‘666,,f,https://m.weibo.cn/u/7541061110?,"https://tvax1.sinaimg.cn/crop.276.208.800.800.180/008elwtUly8gmv3g6yjg8j30u0140n3a.jpg?KID=imgbed,tva&Expires=1733315223&ssig=XeVwiwe0FN",False,,26,-1
7541060900,ç”Ÿæ´»åä¹,,f,https://m.weibo.cn/u/7541060900?,"https://tvax4.sinaimg.cn/crop.29.0.135.135.180/008elwqwly8gnbo7b1ruyj305906saa8.jpg?KID=imgbed,tva&Expires=1733315223&ssig=bB6qfnhjtX",False,,2,-1
7540927890,æ¸¯æ¾³å±€æ£‹,,f,https://m.weibo.cn/u/7540927890?,"https://tvax3.sinaimg.cn/crop.1056.48.140.140.180/008ekXPcly8gmvg02slf6j31120kutn2.jpg?KID=imgbed,tva&Expires=1733315223&ssig=c4d8O4UI03",False,,1,-1
7541192610,huWolfric,,f,https://m.weibo.cn/u/7541192610?,"https://tvax1.sinaimg.cn/crop.222.55.555.555.180/008em4GSly8gnbxbkibx3j30rs0ijdkt.jpg?KID=imgbed,tva&Expires=1733315223&ssig=tXQdHHcmZA",False,,20,-1
7540927461,shæ¥aaa,,f,https://m.weibo.cn/u/7540927461?,"https://tvax4.sinaimg.cn/crop.119.0.277.277.180/008ekXIhly8gnbmgftpz3j30dw095q3g.jpg?KID=imgbed,tva&Expires=1733315223&ssig=1NmidCsfXJ",False,,1,-1
7540663696,æ˜Ÿæµçœ‹ç›˜,,f,https://m.weibo.cn/u/7540663696?,"https://tvax2.sinaimg.cn/crop.288.140.800.800.180/008ejR60ly8gmua1v707rj31400u010j.jpg?KID=imgbed,tva&Expires=1733315223&ssig=8l79yHVI97",False,,5,-1
3941671306,Dunhhh,ä»å„ç§è§’åº¦æ·±å…¥æ¢ç´¢åŒºå—é“¾æ½œåŠ›ï¼Œå®è§‚åˆ†ææŠ•èµ„å“è§£è¯»å•çº¯è®°å½•è‡ªå·±çš„çœ‹æ³•ï¼Œä¸åšä»»ä½•çš„æŠ•èµ„å»ºè®®ï¼ˆæ²¡æœ‰ä»»ä½•çš„ç¾¤èŠï¼‰,m,https://m.weibo.cn/u/3941671306?,"https://tvax3.sinaimg.cn/crop.0.0.1080.1080.180/eaf1218aly8hnacjc6f30j20u00u040o.jpg?KID=imgbed,tva&Expires=1733315223&ssig=%2FfacyiEjDY",False,,327,-1
7541192863,çŸ¥è¶³ä¸ºä¹°è¡¨,,f,https://m.weibo.cn/u/7541192863?,"https://tvax2.sinaimg.cn/crop.119.197.555.555.180/008em4KXly8gmvc8x4bt3j30ku0rs4qp.jpg?KID=imgbed,tva&Expires=1733315223&ssig=Z4rlZEiidD",False,,17,-1
1401659004,Zodzod_å¼ æµ©,å‡¡æ‰€æœ‰ç›¸ï¼Œçš†æ˜¯è™šå¦„ã€‚è‹¥è§è¯¸ç›¸éç›¸ï¼Œåˆ™è§å¦‚æ¥ã€‚,m,https://m.weibo.cn/u/1401659004?,"https://tvax4.sinaimg.cn/crop.0.0.1080.1080.180/538b9e7cly8gdh0ogaus7j20u00u0dk2.jpg?KID=imgbed,tva&Expires=1733315223&ssig=kkfqKA0xye",True,æ–°æµªå¾®åš æ•°æ®åˆ†æå¸ˆ å¤´æ¡æ–‡ç« ä½œè€…,9096,261000
7540927626,Caå°å¨å¨,,f,https://m.weibo.cn/u/7540927626?,"https://tvax2.sinaimg.cn/crop.0.684.900.900.180/008ekXKWly8gmu8rwcc60j30u0190q5y.jpg?KID=imgbed,tva&Expires=1733315223&ssig=dWi4hxyr8r",False,,1,-1
7541060926,åšå®šå°±æ˜¯æ¢­å“ˆ,,f,https://m.weibo.cn/u/7541060926?,"https://tvax3.sinaimg.cn/crop.118.1.296.296.180/008elwqWly8gnchqlqxxqj30et08ct9i.jpg?KID=imgbed,tva&Expires=1733315223&ssig=OqmNFoIgSM",False,,13,-1
5678938731,ä¸œæ–¹è´¢ç»,å¤§å…¬å¸è§é—»å½•,m,https://m.weibo.cn/u/5678938731?,"https://tvax1.sinaimg.cn/crop.0.0.1080.1080.180/006ckfnZly8hiy2p0p8fqj30u00u040d.jpg?KID=imgbed,tva&Expires=1733315223&ssig=kRIImtiP5Z",True,ä¸œæ–¹è´¢ç»å®˜æ–¹å¾®åš,373,1925000
2475737537,é‚¹å¥è®ºé“,è¯»è€…ç»§ç»­é˜…è¯»æœ¬å¾®åšä»»ä½•å†…å®¹å°±ç­‰åŒå®£å¸ƒåŒæ„ä¸ä¼šä»¥æˆ‘çš„ä»»ä½•è§‚ç‚¹ä½œä¸ºå…¶æŠ•èµ„å’Œ/æˆ–ä»»ä½•å†³ç­–çš„ä¾æ®ï¼Œå¹¶ä¸”æ”¾å¼ƒå‘æˆ‘å› ä¸ºæˆ‘çš„ä»»ä½•è¨€è®ºæèµ·ä»»ä½•è¯‰è®¼çš„æƒåˆ©ã€‚,m,https://m.weibo.cn/u/2475737537?,"https://tvax2.sinaimg.cn/crop.0.0.664.664.180/9390c1c1ly8g0qj7w9bpvj20ig0ihta9.jpg?KID=imgbed,tva&Expires=1733315223&ssig=e%2B7WHWWU3n",True,å¾®åšåŸåˆ›è§†é¢‘åšä¸»,324,159000
2679141713,å›å¿†å¦‚æ­Œ,ä¸ä¼šä¸»åŠ¨ç§èŠä»»ä½•äººï¼ŒæœŸè´§ä¸ºä¸»ï¼Œå¶å°”è°ˆä¸€ä¸‹è‚¡ç¥¨å’Œæˆ¿åœ°äº§,m,https://m.weibo.cn/u/2679141713?,"https://tvax2.sinaimg.cn/crop.0.0.1080.1080.180/9fb07551ly8hqrmdtkndjj20u00u0470.jpg?KID=imgbed,tva&Expires=1733315223&ssig=5XWZbA%2BmLJ",True,è´¢ç»åšä¸»,840,189000
5069463102,å¤§åŸå°äº‹Video,çˆ†æ–™å¯ç§ä¿¡ï¼Œæˆ–å‘é€è‡³é‚®ç®±lishanghai@pearvideo.com,m,https://m.weibo.cn/u/5069463102?,"https://tvax2.sinaimg.cn/crop.0.0.1080.1080.180/005x4WVUly8fylhi8ursgj30u00u0761.jpg?KID=imgbed,tva&Expires=1733315223&ssig=GewGilNTV7",True,æ¢¨è§†é¢‘æ——ä¸‹ç”Ÿæ´»æ–¹å¼æ ç›®å®˜æ–¹å¾®åš,1011,353000
7540927631,Juæ–¯å¸ƒé²å…‹,,f,https://m.weibo.cn/u/7540927631?,"https://tvax3.sinaimg.cn/crop.140.319.798.798.180/008ekXL1ly8gmu8y1z9kpj30u013ywji.jpg?KID=imgbed,tva&Expires=1733315223&ssig=Jr0AxvqGsh",False,,22,-1
7541192453,æ¼‚ç§»ä¸åˆ›å¯Œ,,f,https://m.weibo.cn/u/7541192453?,"https://tvax3.sinaimg.cn/crop.212.10.345.345.180/008em4Elly8gnbgr5n69qj30h90chq35.jpg?KID=imgbed,tva&Expires=1733315223&ssig=nsHDaoqqY6",False,,0,-1
7540663680,20å¹³sasasa,,f,https://m.weibo.cn/u/7540663680?,"https://tvax2.sinaimg.cn/crop.180.136.800.800.180/008ejR5Kly8gmu8n13jucj31400u0aho.jpg?KID=imgbed,tva&Expires=1733315223&ssig=PPMpMJjWJn",False,,1,-1
7540663453,å°é»‘adfas23,,f,https://m.weibo.cn/u/7540663453?,"https://tvax2.sinaimg.cn/crop.222.3.555.555.180/008ejR25ly8gn9f5pc9mgj30rs0fmq5k.jpg?KID=imgbed,tva&Expires=1733315223&ssig=74fd0PvO%2Bt",False,,14,-1
7540794111,æ¸¯è‚¡ç ”ç©¶æ‰€,,f,https://m.weibo.cn/u/7540794111?,"https://tvax4.sinaimg.cn/crop.320.50.800.800.180/008ekp1tly8gncj4yl6krj31400p00xk.jpg?KID=imgbed,tva&Expires=1733315223&ssig=Ds5yvW%2BJh0",False,,2,-1
3868127871,æ¥šèŠ¸AA,çŸ¥åè´¢ç»åšä¸»,f,https://m.weibo.cn/u/3868127871?,"https://tvax2.sinaimg.cn/crop.0.0.1024.1024.180/e68ef27fly8hvp3uc5d3uj20sg0sgta1.jpg?KID=imgbed,tva&Expires=1733315223&ssig=0Ftl08dAhi",True,ä½“è‚²åšä¸»,577,104000
7540663315,é­”æˆ’muyi9016,,f,https://m.weibo.cn/u/7540663315?,"https://tvax1.sinaimg.cn/crop.19.34.434.434.180/008ejQZRly8gnbil1fi7gj30dw0d0weu.jpg?KID=imgbed,tva&Expires=1733315223&ssig=JT%2BPh4pN%2BK",False,,12,-1
7541192885,å…«æœˆäº‹åŠ¡æ‰€_46,,f,https://m.weibo.cn/u/7541192885?,"https://tvax3.sinaimg.cn/crop.816.736.200.200.180/008em4Ljly8gmvftni6tdj31400u0tgx.jpg?KID=imgbed,tva&Expires=1733315223&ssig=qmL3ZZSJUV",False,,2,-1
7540927468,å‘åº•æŠ•èµ„_,,f,https://m.weibo.cn/u/7540927468?,"https://tvax4.sinaimg.cn/crop.62.0.277.277.180/008ekXIoly8gnbn1u3uzrj30dw08owen.jpg?KID=imgbed,tva&Expires=1733315223&ssig=foeit2sErx",False,,2,-1
7540794331,ç°è´§ihoLam,,f,https://m.weibo.cn/u/7540794331?,"https://tvax2.sinaimg.cn/crop.720.140.900.900.180/008ekp51ly8gmvcin5ijlj31900u0jyk.jpg?KID=imgbed,tva&Expires=1733315223&ssig=yLq5xElROD",False,,0,-1
2717279554,ç¾½è¡£ç”˜è“è‹¹æœæ±0904,æŠ«è†æ–©æ£˜çš„å§å§,f,https://m.weibo.cn/u/2717279554?,"https://tvax1.sinaimg.cn/crop.0.0.512.512.180/a1f66542ly8hpowflz1duj20e80e80ub.jpg?KID=imgbed,tva&Expires=1733315223&ssig=lTQAwEYE%2BG",False,,9,-1
7541060817,yo92ç©ºå¤´,,f,https://m.weibo.cn/u/7541060817?,"https://tvax4.sinaimg.cn/crop.153.23.383.383.180/008elwpbly8gnbdo1rliqj30j60bz74u.jpg?KID=imgbed,tva&Expires=1733315223&ssig=FpHkGFUwwg",False,,9,-1
1737679462,mountainsnow,Aventador,m,https://m.weibo.cn/u/1737679462?,"https://tvax4.sinaimg.cn/crop.0.0.600.600.180/6792e266ly8hhm3zozrrqj20go0godh9.jpg?KID=imgbed,tva&Expires=1733315223&ssig=up2kqOdwAg",False,,116,-1
7540927845,é˜¿æµ·ä¾¦æ¢,,f,https://m.weibo.cn/u/7540927845?,"https://tvax4.sinaimg.cn/crop.1140.187.820.820.180/008ekXOtly8gmvbvwlvqkj31oc0u017s.jpg?KID=imgbed,tva&Expires=1733315223&ssig=W11dnE4Ga4",False,,10,-1
1678221494,è´¢æ–°å‘¨åˆŠ,ç»¼åˆç±»è´¢ç»æ–°é—»å‘¨åˆŠã€‚ä»¥è‡ªç”±æ€æƒ³ã€æ‰¹åˆ¤ç²¾ç¥å’Œä¸“ä¸šç´ å…»ä¼ é€’å¸‚åœºç»æµç†å¿µä¸è´¢ç»æ–°é—»èµ„è®¯ï¼Œè®°å½•ã€æ¨åŠ¨ã€å¼•é¢†ä¸­å›½å¸‚åœºç»æµçš„å®ä¼Ÿè¿›ç¨‹ã€‚,m,https://m.weibo.cn/u/1678221494?,"https://tvax4.sinaimg.cn/crop.162.180.750.750.180/6407a0b6ly8gdkzvrbde1j20u00u00tq.jpg?KID=imgbed,tva&Expires=1733315223&ssig=uJfnU6M7jU",True,ã€Šè´¢æ–°å‘¨åˆŠã€‹å®˜æ–¹å¾®åš,855,1250000
7540663650,é»„é™‚å±±çš„ä¼ è¯´,,f,https://m.weibo.cn/u/7540663650?,"https://tvax4.sinaimg.cn/crop.360.90.900.900.180/008ejR5gly8gmvf8twb1dj31900u0n3g.jpg?KID=imgbed,tva&Expires=1733315223&ssig=Ha0I2dUhan",False,,2,-1
7540794228,å¹³å¹³zxinv,,f,https://m.weibo.cn/u/7540794228?,"https://tvax3.sinaimg.cn/crop.360.90.900.900.180/008ekp3mly8gmu86wrsycj31900u0jt1.jpg?KID=imgbed,tva&Expires=1733315223&ssig=%2BGRh90JH9m",False,,1,-1
7541192720,åé‡Œæµ·_27,,f,https://m.weibo.cn/u/7541192720?,"https://tvax3.sinaimg.cn/crop.45.172.1035.1035.180/008em4IEly8gmv5u2to3vj30u011in20.jpg?KID=imgbed,tva&Expires=1733315223&ssig=kPwqOZVV8V",False,,22,-1
7541192647,æ±ŸåŒ—æŸ_73,,f,https://m.weibo.cn/u/7541192647?,"https://tvax4.sinaimg.cn/crop.0.90.750.750.180/008em4Htly8gmu6flk1mij30u011ijvo.jpg?KID=imgbed,tva&Expires=1733315223&ssig=5QxY9sRA6D",False,,1,-1
7540663641,ç”¨æˆ·7540663641,,f,https://m.weibo.cn/u/7540663641?,"https://tvax1.sinaimg.cn/crop.0.0.512.512.180/008ejR57ly8gn03mt5tjoj30e80e83zt.jpg?KID=imgbed,tva&Expires=1733315223&ssig=%2BVvWiz%2BR3v",False,,0,-1
1750070171,36æ°ª,36æ°ªèšç„¦ç§‘æŠ€ã€äº’è”ç½‘ã€åˆ›æŠ•ã€æ–°ç»æµã€èŒåœºäº”å¤§é¢†åŸŸï¼Œæä¾›æ–°é”æ·±åº¦çš„å•†ä¸šæŠ¥é“ã€‚æˆ‘ä»¬å¼ºè°ƒè¶‹åŠ¿ä¸ä»·å€¼ï¼Œæˆ‘ä»¬çš„sloganæ˜¯ï¼šè®©ä¸€éƒ¨åˆ†äººå…ˆçœ‹åˆ°æœªæ¥ã€‚,m,https://m.weibo.cn/u/1750070171?,"https://tvax4.sinaimg.cn/crop.0.0.1080.1080.180/001Ur7cfly8h8wsg5ik4pj60u00u0wey02.jpg?KID=imgbed,tva&Expires=1733315223&ssig=3udYGNdSOX",True,36æ°ªå®˜æ–¹å¾®åš,951,3465000
1149639594,åŠæ‰Œå¯ä¹,å—¯Â®æˆ‘å°±å–œæ¬¢çœ‹ä½ âš¤ä¸€æœ¬æ­£ç»è¯´å¤§å®è¯çš„æ ·å­ğŸ›°ï¸,m,https://m.weibo.cn/u/1149639594?,"https://tvax1.sinaimg.cn/crop.0.0.720.720.180/44861baaly8hp155vm7tqj20k00k0tbj.jpg?KID=imgbed,tva&Expires=1733315223&ssig=rWItFIN%2B2h",True,å¾®åšå‰ªè¾‘è§†é¢‘åšä¸»,1553,-1
1400661321,äºæ¬£çƒˆ,æˆ‘çš„æ’­å®¢ã€é•¿æ–‡ï¼Œè¯·è®¿é—® yuxinlie.com,m,https://m.weibo.cn/u/1400661321?,"https://tvax3.sinaimg.cn/crop.0.0.1000.1000.180/537c6549ly8haq1xde2lgj20rs0rs0sw.jpg?KID=imgbed,tva&Expires=1733315223&ssig=V%2BKRWoLc3J",True,æ±½è½¦åšä¸»,297,491000
6626204323,å¤§æ¦‚ç‡æŠ•èµ„æ±‡,â€œå¤§æ¦‚ç‡æŠ•èµ„æ±‡â€åŒåå¾®åšæ­£å¼å¼€é€šå•¦ï¼,m,https://m.weibo.cn/u/6626204323?,"https://tvax2.sinaimg.cn/crop.0.0.238.238.180/007eqSrhly8fu25uoe7szj306m0760t4.jpg?KID=imgbed,tva&Expires=1733315223&ssig=wfkn9nsvtD",False,,4826,-1
7545136801,å®å”çœ‹EV,,f,https://m.weibo.cn/u/7545136801?,"https://tvax1.sinaimg.cn/crop.0.0.512.512.180/008eCCKRly8hifnyj12iij30e80e8glq.jpg?KID=imgbed,tva&Expires=1733315223&ssig=%2BpF3q7O%2BaE",False,,74,-1
6500507875,ä¸Šè¯æŒ‡æ•°sh000001,æœ¬è´¦å·ä¸ºå¤§æ•°æ®è‡ªåŠ¨å‘å¸ƒèµ„è®¯/å…¬å‘Šå†…å®¹ï¼Œéä¼ä¸šå®˜æ–¹è´¦å·,f,https://m.weibo.cn/u/6500507875?,"https://tvax3.sinaimg.cn/crop.0.0.600.600.180/0075Vt3dly8hmh8asmd1kj30go0goq4l.jpg?KID=imgbed,tva&Expires=1733315223&ssig=jkpFOPCUfz",False,,10,204000
2644339425,æ¸…é£æ°´æ³¢LM,,m,https://m.weibo.cn/u/2644339425?,"https://tvax1.sinaimg.cn/crop.0.0.512.512.180/9d9d6ae1ly8gpb0yh3g64j20e80e8n37.jpg?KID=imgbed,tva&Expires=1733315223&ssig=CnM%2BIZ%2FddP",False,,221,-1
2923294071,å·…å³°è§†é‡ç¯çƒæ—…æ¸¸,æ™ºè¶³è€…é•¿ä¹ï¼Œä¸è¶³è€…é•¿æƒ…ï¼,f,https://m.weibo.cn/u/2923294071?,"https://tvax2.sinaimg.cn/crop.0.0.1080.1080.180/ae3ded77ly1hrdgn900b6j20u00u0wi0.jpg?KID=imgbed,tva&Expires=1733315223&ssig=vaZWwxGDNB",True,è¶…è¯åˆ›ä½œå®˜ï¼ˆéº»ç“œçœ‹ç”µå½±è¶…è¯ï¼‰,1196,25000
5604087198,Silentjoy_è“æ•™æˆçš„å°èŠ±,æˆ‘å¸Œæœ›ä½ å‹‡æ•¢ä¸”å¿«ä¹,f,https://m.weibo.cn/u/5604087198?,"https://tvax3.sinaimg.cn/crop.0.0.1080.1080.180/0067gb5cly8gf4qxyinhsj30u00u0412.jpg?KID=imgbed,tva&Expires=1733315223&ssig=1t3oRfNgt9",False,,317,-1
3551996140,79Alchemy,å¸¸å¹´ç”¨æ æ†çš„èŒä¸šäº¤æ˜“å‘˜  å·¥ä¼—å·ï¼š79alchemy,m,https://m.weibo.cn/u/3551996140?,"https://tvax3.sinaimg.cn/crop.0.0.512.512.180/d3b728ecly8h39z3gozf6j20e80e8dhc.jpg?KID=imgbed,tva&Expires=1733315223&ssig=szeVqHyj%2FW",False,,66,19000
2134253697,é©¬åˆ°æ©™åŠŸ_519,æˆ–ä¸§æˆ–ç”œ,f,https://m.weibo.cn/u/2134253697?,"https://tvax4.sinaimg.cn/crop.0.0.1080.1080.180/7f362081ly8h33mhucmrij20u00u0gns.jpg?KID=imgbed,tva&Expires=1733315223&ssig=DUKyej7Y5e",False,,1634,-1
1467563790,ä¸€å¤´è€æ¨,"he is so mean, and he never changes (å¤„å¥³åº§ï¼Œçˆ±äº”ä»)",m,https://m.weibo.cn/u/1467563790?,"https://tvax1.sinaimg.cn/crop.0.0.844.844.180/57793f0ely8h49ctnf8avj20ng0ngdin.jpg?KID=imgbed,tva&Expires=1733315223&ssig=d4%2FgfODUqh",False,,338,-1
3584356862,pacers113,,m,https://m.weibo.cn/u/3584356862?,"https://tvax3.sinaimg.cn/crop.0.0.600.600.180/d5a4f1fely8h0av2qdf7yj20go0gowfm.jpg?KID=imgbed,tva&Expires=1733315223&ssig=ErPXgpsxo%2B",False,,548,-1
7540793877,å…­è€³æ˜æ˜è¯´,,f,https://m.weibo.cn/u/7540793877?,"https://tvax2.sinaimg.cn/crop.106.13.1066.1066.180/008ekoXHly8gmzw5jeziej31hc0u0n29.jpg?KID=imgbed,tva&Expires=1733315223&ssig=1vIHHFF7vG",False,,11,-1
7871529023,AAé‡‘è´¢ç¥å®šä¹¾å¤,æ“…é•¿ä¸»æµåˆçº¦,m,https://m.weibo.cn/u/7871529023?,"https://tvax2.sinaimg.cn/crop.0.0.498.498.180/008AI8hxly8hvrfp4mlbfj30du0dut8x.jpg?KID=imgbed,tva&Expires=1733315223&ssig=rVRMx341Y0",True,è¶…è¯ç²‰ä¸å¤§å’–ï¼ˆå·¦å¥‡å‡½è¶…è¯ï¼‰,1242,53000
7540663619,xu0å¥‡èƒœä¹‹é“,,f,https://m.weibo.cn/u/7540663619?,"https://tvax3.sinaimg.cn/crop.0.35.922.922.180/008ejR4Lly8gmvc9ryo7gj31a40u046o.jpg?KID=imgbed,tva&Expires=1733315223&ssig=SXhJ80dHWW",False,,11,-1
7540927410,é¡ºè¿œå¤–æ±‡ç½‘,,f,https://m.weibo.cn/u/7540927410?,"https://tvax1.sinaimg.cn/crop.213.0.532.532.180/008ekXHsly8gnbdiyzaxzj30qn0etdj4.jpg?KID=imgbed,tva&Expires=1733315223&ssig=%2BTfkDhb2mo",False,,12,-1
7541060859,ch25å’¨è¯¢,,f,https://m.weibo.cn/u/7541060859?,"https://tvax1.sinaimg.cn/crop.179.24.447.447.180/008elwpRly8gnblq2yjjuj30me0dswfm.jpg?KID=imgbed,tva&Expires=1733315223&ssig=QJq1fwsfrz",False,,20,-1
7541060864,ç››å¤å¤•äº­Jack,,f,https://m.weibo.cn/u/7541060864?,"https://tvax2.sinaimg.cn/crop.227.35.568.568.180/008elwpWly8gnblziprh7j30sg0hsjt8.jpg?KID=imgbed,tva&Expires=1733315223&ssig=PqO3bm%2B4dh",False,,2,-1
7540794448,è‰¾è”»ancai,,f,https://m.weibo.cn/u/7540794448?,"https://tvax2.sinaimg.cn/crop.321.570.210.210.180/008ekp6Uly8gmveahu2cbj30u00u0tbg.jpg?KID=imgbed,tva&Expires=1733315223&ssig=j21hLop7ID",False,,1,-1
7540794182,é‚£å…­é¾™æ²³,,f,https://m.weibo.cn/u/7540794182?,"https://tvax2.sinaimg.cn/crop.222.173.555.555.180/008ekp2Cly8gnbxctply5j30rs0p2q4e.jpg?KID=imgbed,tva&Expires=1733315223&ssig=6L1HG3gNDS",False,,1,-1
7540927615,é‡‘æª_34,,f,https://m.weibo.cn/u/7540927615?,"https://tvax2.sinaimg.cn/crop.140.320.800.800.180/008ekXKLly8gmu6iusb1ej30u0140n1z.jpg?KID=imgbed,tva&Expires=1733315223&ssig=b2A7i4yyJt",False,,12,-1
7540927862,è½¦èµ„le9lj,,f,https://m.weibo.cn/u/7540927862?,"https://tvax4.sinaimg.cn/crop.65.6.506.506.180/008ekXOKly8gmvcc039cej30go0go74x.jpg?KID=imgbed,tva&Expires=1733315223&ssig=dmAnUiZ24h",False,,22,-1
7541061332,sté˜³å…‰12345,,f,https://m.weibo.cn/u/7541061332?,"https://tvax2.sinaimg.cn/crop.104.585.133.133.180/008elwxuly8gmvgmqvlu5j30ku112tce.jpg?KID=imgbed,tva&Expires=1733315223&ssig=2eyIM7tiwb",False,,1,-1
3305808952,ä¸‰çŸ³å¤ç›®,å¾®åšåªä¸ºè®°å½•è„‘ä¸­é—ªè¿‡çš„ç‚¹ç‚¹æ»´æ»´ã€‚,m,https://m.weibo.cn/u/3305808952?,"https://tvax2.sinaimg.cn/crop.0.0.1002.1002.180/c50aa438ly8fqcirdcpmnj20ru0ruwhs.jpg?KID=imgbed,tva&Expires=1733315223&ssig=6%2Ft%2FabngvY",False,,226,-1
1458533281,miaomiao421371,,m,https://m.weibo.cn/u/1458533281?,"https://tvax1.sinaimg.cn/default/images/default_avatar_male_180.gif?KID=imgbed,tva&Expires=1733315223&ssig=FY8CFVQLTZ",False,,14,-1
7540794384,ç‹æ°å­_22,,f,https://m.weibo.cn/u/7540794384?,"https://tvax1.sinaimg.cn/default/images/default_avatar_female_180.gif?KID=imgbed,tva&Expires=1733315223&ssig=CaH3ORtaBv",False,,2,-1
7540794452,åœŸåŒªbekong,,f,https://m.weibo.cn/u/7540794452?,"https://tvax2.sinaimg.cn/crop.522.159.558.558.180/008ekp6Yly8gmvekxx3q9j30u00u0n1p.jpg?KID=imgbed,tva&Expires=1733315223&ssig=ueUutsN7hd",False,,2,-1
7540794237,å¤„å·ä¹‹ç‹åƒå¤ä¸€æ€¼,,f,https://m.weibo.cn/u/7540794237?,"https://tvax4.sinaimg.cn/crop.0.342.972.972.180/008ekp3vly8gmu8sw4zztj30u0190djh.jpg?KID=imgbed,tva&Expires=1733315223&ssig=4p5mO0EpdE",False,,2,-1
7541061122,æ–­æ¶¯jyyy,,f,https://m.weibo.cn/u/7541061122?,"https://tvax4.sinaimg.cn/crop.279.0.1080.1080.180/008elwu6ly8gmv40mbyopj31900u0wiq.jpg?KID=imgbed,tva&Expires=1733315223&ssig=%2BpdxwZhwRi",False,,1,-1
1775948951,ç¡¬å“¥,ç”Ÿå‘½åœ¨äºæŠ˜è…¾,m,https://m.weibo.cn/u/1775948951?,"https://tva2.sinaimg.cn/crop.0.0.157.157.180/69dad497jw1f4x7zbcqrej204g04ewek.jpg?KID=imgbed,tva&Expires=1733315223&ssig=EDl1sbFnZS",True,æ•°ç åšä¸»,1927,1100000
7540663699,å¸Œèµ›å•†æ ‡ç½‘,,f,https://m.weibo.cn/u/7540663699?,"https://tvax4.sinaimg.cn/crop.44.120.624.624.180/008ejR63ly8gmua64bnd0j31400u0gvb.jpg?KID=imgbed,tva&Expires=1733315223&ssig=NAJPcq344J",False,,1,-1
3044519221,é¹å“¥æŠ•ç ”,æŠ•èµ„å¤§äº¨,m,https://m.weibo.cn/u/3044519221?,"https://tvax4.sinaimg.cn/crop.0.0.996.996.180/b577ad35ly8feasiijzw0j20ro0roq40.jpg?KID=imgbed,tva&Expires=1733315223&ssig=7kh4AmDeZk",True,è´¢ç»åšä¸»,147,18000
7540927713,è±ä¼Šå¤è·,,f,https://m.weibo.cn/u/7540927713?,"https://tvax2.sinaimg.cn/crop.737.157.922.922.180/008ekXMlly8gmvcatt0r0j31a40u046o.jpg?KID=imgbed,tva&Expires=1733315223&ssig=U4GB038JL3",False,,11,-1
7541061231,çº¢å‘ç‰›_99,,f,https://m.weibo.cn/u/7541061231?,"https://tvax1.sinaimg.cn/crop.66.63.1014.1014.180/008elwvRly8gmuaxiok48j30u00u0q5x.jpg?KID=imgbed,tva&Expires=1733315223&ssig=wMjlqimhL%2B",False,,14,-1
7540794070,ä¹é›¶iPaul,,f,https://m.weibo.cn/u/7540794070?,"https://tvax4.sinaimg.cn/crop.73.54.333.333.180/008ekp0Oly8gnch4sjdfwj30go0btt98.jpg?KID=imgbed,tva&Expires=1733315223&ssig=zsh8HQjJER",False,,25,-1
2162149555,åŸºå°‘æˆå¤š81,çˆ±ç”Ÿæ´»ã€çˆ±ç†è´¢ï¼Œå…³æ³¨æˆ‘ï¼Œä¸€èµ·è¶Šèµšè¶Šå¤šï¼,m,https://m.weibo.cn/u/2162149555?,"https://tvax3.sinaimg.cn/crop.0.0.664.664.180/80dfc8b3ly8fgbbvqyrhoj20ig0igdgg.jpg?KID=imgbed,tva&Expires=1733315223&ssig=NMBoZvRmYo",True,åŸºé‡‘åšä¸» è´¢ç»åšä¸»,211,170000
2276923214,æ— æ¬²æ— æ±‚é€æ¸å‡ºå®¶,å¤©åŠ©è‡ªåŠ©è€…ğŸ©¶ åªæ˜¯ä¸ªæ—¥è®°æœ¬å°å·ï¼Œè°¢è°¢ä½ çš„å–œæ¬¢ï¼Œfollowè¯·ç§æˆ‘ç»™å¤§å·,f,https://m.weibo.cn/u/2276923214?,"https://tvax2.sinaimg.cn/crop.0.0.1080.1080.180/87b7174ely8gkt7lcxsihj20u00u040b.jpg?KID=imgbed,tva&Expires=1733315223&ssig=sZ7nzpllkB",False,,104,-1
7540663285,å¤§å¸ˆä¸Šæ»šé›ªçƒ,,f,https://m.weibo.cn/u/7540663285?,"https://tvax1.sinaimg.cn/crop.287.270.102.102.180/008ejQZnly8gnbdh5hjg8j30dw0agwen.jpg?KID=imgbed,tva&Expires=1733315223&ssig=867%2BRa0m%2FP",False,,2,-1
7730132806,è™æ–‘å†°æ·‡æ·‹,,m,https://m.weibo.cn/u/7730132806?,"https://tvax2.sinaimg.cn/crop.0.0.1080.1080.180/008r8QFoly8gxh72ujvpxj30u00u0whb.jpg?KID=imgbed,tva&Expires=1733315223&ssig=Jf95p4%2BgY7",False,,368,-1
5895820904,å‹¾è‚¡å¤§å®šç†,å‹¾è‚¡å¤§å®šç†ï¼Œè‚¡æ°‘4é˜¶æ®µåŸåˆ›è€…ï¼Œæ—¢è´¢åŠ¡è‡ªè´Ÿï¼Œè´¢åŠ¡è‡ªåŠ©ï¼Œè´¢åŠ¡è‡ªç”±ï¼Œè´¢åŠ¡è‡ªå¼ºã€‚ ä¸ªäººè‚¡å¸‚æ ¼è¨€ï¼šæ”»äºä¹å¤©ä¹‹ä¸Šï¼Œå®ˆåˆ™ä¹åœ°ä¹‹ä¸‹,m,https://m.weibo.cn/u/5895820904?,"https://tvax2.sinaimg.cn/crop.0.32.448.448.180/006r0glyly8h72k00mazrj30cg0e874y.jpg?KID=imgbed,tva&Expires=1733315223&ssig=K%2BNtinPcUz",False,,43,-1
7541061199,ä¸ç¡®ä¸€ç”Ÿå”¯è°¨æ…,,f,https://m.weibo.cn/u/7541061199?,"https://tvax3.sinaimg.cn/crop.292.4.800.800.180/008elwvlly8gmu8g4usk0j31400u0gww.jpg?KID=imgbed,tva&Expires=1733315223&ssig=bsNG6HtVZg",False,,27,-1
7410913810,è¨Ÿæ¤¿,å†…ä¿®å¿ƒï¼Œå¤–ä¿®é‡‘ï¼,m,https://m.weibo.cn/u/7410913810?,"https://tvax2.sinaimg.cn/crop.0.0.1024.1024.180/0085xrdUly8hu3r82slkrj30sg0sgn00.jpg?KID=imgbed,tva&Expires=1733315223&ssig=hrtX2fFcEB",True,è¶…è¯åˆ›ä½œå®˜ï¼ˆè´¢ç»è¶…è¯ï¼‰,4370,19000
1658312894,æ—¢ç„¶æ˜¯ä¹¾å¤çƒ§é¹…å½“ç„¶æ˜¯å†…æœ‰ä¹¾å¤äº†,æˆ‘åçˆ±å†™è¯—çš„è’è°¬ èƒœè¿‡ä¸å†™è¯—çš„è’è°¬ã€‚,m,https://m.weibo.cn/u/1658312894?,"https://tvax3.sinaimg.cn/crop.0.0.667.667.180/62d7d8bely8fmhm5vpfoej20ij0ijtal.jpg?KID=imgbed,tva&Expires=1733315223&ssig=pziaTAqTtO",False,,190,-1
7541061289,é“ä»”è¡Œå®¶,,f,https://m.weibo.cn/u/7541061289?,"https://tvax2.sinaimg.cn/crop.528.268.271.271.180/008elwwNly8gmve1xymu6j30m80m8jz8.jpg?KID=imgbed,tva&Expires=1733315223&ssig=MsnahOlxfQ",False,,1,-1
6811167589,ä¸€å‰‘_èµ°å¤©æ¶¯,,m,https://m.weibo.cn/u/6811167589?,"https://tvax4.sinaimg.cn/crop.0.0.996.996.180/007qWXPLly8gpy5914pa4j30ro0romz9.jpg?KID=imgbed,tva&Expires=1733315223&ssig=WPW13Re38L",False,,529,-1
2512682882,åºŸç‰©æ£®æ—,Elonmatic.   Dogematic.,f,https://m.weibo.cn/u/2512682882?,"https://tvax3.sinaimg.cn/crop.0.0.1080.1080.180/95c47f82ly8gttrxu997yj20u00u075e.jpg?KID=imgbed,tva&Expires=1733315223&ssig=9%2BreqiAt4G",False,,627,-1
7540794089,å…‰å¤§æ–¹,,f,https://m.weibo.cn/u/7540794089?,"https://tvax2.sinaimg.cn/crop.104.3.277.277.180/008ekp17ly8gnchq151h0j30dw08oaae.jpg?KID=imgbed,tva&Expires=1733315223&ssig=Dm3%2B%2FAQKBR",False,,3,-1
7540663482,å“²å“²è§†ç•Œ,,f,https://m.weibo.cn/u/7540663482?,"https://tvax3.sinaimg.cn/crop.167.74.832.832.180/008ejR2yly8gnbxgdvnkwj30rs15n0vn.jpg?KID=imgbed,tva&Expires=1733315223&ssig=y1YgK9Txe9",False,,15,-1
7540663209,efä¸šäº‘å¹³å°å‰‘,,f,https://m.weibo.cn/u/7540663209?,"https://tvax4.sinaimg.cn/crop.222.56.555.555.180/008ejQY9ly8gncfsgnfnqj30rs0ikab4.jpg?KID=imgbed,tva&Expires=1733315223&ssig=hlL3XUGLZy",False,,2,-1
3279507547,æ—¶ä¹‹æ•Œ_æµ·æ´‹,,m,https://m.weibo.cn/u/3279507547?,"https://tvax4.sinaimg.cn/crop.0.0.1080.1080.180/c379505bly8hv2a48z8rvj20u00u0mzt.jpg?KID=imgbed,tva&Expires=1733315223&ssig=pgn3S4J8fT",False,,534,-1
1971209421,Angelaç«æ˜Ÿå°å§å§,å…³äºç«æ˜Ÿ ä½ æƒ³è¦çš„ æˆ‘éƒ½æœ‰ã€‚,f,https://m.weibo.cn/u/1971209421?,"https://tvax1.sinaimg.cn/crop.0.0.512.512.180/757e44cdly8h1ewkzjsylj20e80e8gm8.jpg?KID=imgbed,tva&Expires=1733315223&ssig=UJd77SdWjY",True,èˆªå¤©åšä¸»,4220,672000
6065387964,ç¾è‚¡è¶‹åŠ¿,Linæ˜¯åŒ—ç¾é¢†å…ˆæŠ•ç ”å…¬å¸çš„åˆ›å§‹äººï¼Œä»ä¸š30å¹´ï¼Œä¸“æ³¨ç¾è‚¡ï¼ŒæŒ‡æ•°å’Œææ…ŒæŒ‡æ•°ï¼Œå¤–æ±‡ï¼Œé»„é‡‘ï¼ŒåŸæ²¹ï¼ŒETFï¼ŒæœŸæƒåˆ†æå’ŒæŠ•èµ„ï¼Œå‘è¡¨äº†åƒç¯‡æœ‰è®°è½½ç›ˆåˆ©çš„æ–‡ç« å’Œç‚¹è¯„ã€‚,f,https://m.weibo.cn/u/6065387964?,"https://tvax2.sinaimg.cn/crop.0.0.512.512.180/006CtKu8ly8ht17ev2zfej30e80e8jrq.jpg?KID=imgbed,tva&Expires=1733315223&ssig=C8bJ6D2DuJ",True,è´¢ç»åšä¸» å¤´æ¡æ–‡ç« ä½œè€…,199,83000
7541060827,ben-feng_43,,f,https://m.weibo.cn/u/7541060827?,"https://tvax3.sinaimg.cn/crop.372.0.297.297.180/008elwplly8gnbgejtprgj30im0dyjs8.jpg?KID=imgbed,tva&Expires=1733315223&ssig=MArxdKLAqq",False,,14,-1
7777200954,ç”¨æˆ·7777200954,,f,https://m.weibo.cn/u/7777200954?,"https://tvax1.sinaimg.cn/default/images/default_avatar_female_180.gif?KID=imgbed,tva&Expires=1733315223&ssig=CaH3ORtaBv",False,,4,-1
7540794081,å­¤å²›mmerDragon,,f,https://m.weibo.cn/u/7540794081?,"https://tvax3.sinaimg.cn/crop.115.0.277.277.180/008ekp0Zly8gnchhv921yj30dw09amxn.jpg?KID=imgbed,tva&Expires=1733315223&ssig=%2B2KZXBryWm",False,,6,-1
5321890322,å°ç››åŒå­¦oo,çˆ±ç†è´¢çš„å°ç››åŒå­¦ï¼Œæ¯å¤©åˆ†äº«æŠ•èµ„å†…å®¹ï¼Œæ„Ÿè°¢å…³æ³¨å’Œæ”¯æŒï¼ï¼ˆå•†åŠ¡åˆä½œè¯·ç§ä¿¡ï¼‰,m,https://m.weibo.cn/u/5321890322?,"https://tvax3.sinaimg.cn/crop.0.0.1080.1080.180/005Oa6MGly8hpg5djc699j30u00u0jum.jpg?KID=imgbed,tva&Expires=1733315223&ssig=OjNNXshcpi",True,è´¢ç»è§‚å¯Ÿå®˜  æŠ•èµ„å†…å®¹åˆ›ä½œè€… å¾®åšåŸåˆ›è§†é¢‘åšä¸»,114,19000
1784908865,å¬è¯´æ”¹åå„¿å°±èƒ½çœ‹è§å›å¤äº†,æˆ‘è¯´çš„è¯éƒ½æ˜¯é”™çš„ï¼Œç‚¹çš„èµéƒ½æ˜¯æ‰‹æ»‘ã€‚,m,https://m.weibo.cn/u/1784908865?,"https://tva1.sinaimg.cn/crop.0.0.180.180.180/6a638c41jw1e8qgp5bmzyj2050050aa8.jpg?KID=imgbed,tva&Expires=1733315223&ssig=eLkJOIKfax",False,,744,-1
1912864244,PPO3,èµ„æ·±ä¸ªäººé‡‘èæŠ•èµ„ä¸é‡‘èæ•™è‚²,m,https://m.weibo.cn/u/1912864244?,"https://tva3.sinaimg.cn/crop.0.0.180.180.180/7203fdf4jw1e8qgp5bmzyj2050050aa8.jpg?KID=imgbed,tva&Expires=1733315223&ssig=8JtCkwdue7",False,,177,-1
1503187732,Majo,,f,https://m.weibo.cn/u/1503187732?,"https://tvax4.sinaimg.cn/crop.0.0.1080.1080.180/5998d314ly8gzkjffc7c6j20u00u077g.jpg?KID=imgbed,tva&Expires=1733315223&ssig=2%2BYbYS1u0C",True,æºç¨‹ç­¾çº¦æ‘„å½±å¸ˆ,193,-1
7540663251,å‡¡äººè§‚ç§‹,,f,https://m.weibo.cn/u/7540663251?,"https://tvax4.sinaimg.cn/crop.111.48.277.277.180/008ejQYPly8gnaibcgs6rj30dw0af3yp.jpg?KID=imgbed,tva&Expires=1733315223&ssig=j2XCnHOTvM",False,,1,-1
7541192520,ä¸€å¤•èˆ¹é•¿,,f,https://m.weibo.cn/u/7541192520?,"https://tvax4.sinaimg.cn/crop.49.9.168.168.180/008em4Fqly8gnbobl3ao5j306k08ft8x.jpg?KID=imgbed,tva&Expires=1733315223&ssig=JBjAMBqKJl",False,,2,-1
7540663411,tovinmo,,f,https://m.weibo.cn/u/7540663411?,"https://tvax1.sinaimg.cn/crop.474.0.1066.1066.180/008ejR1ply8gncia5icg8j31hc0u0n59.jpg?KID=imgbed,tva&Expires=1733315223&ssig=EWBX%2BGrXCX",False,,15,-1
7541060791,ä½¿å¾’æ•™æˆ,,f,https://m.weibo.cn/u/7541060791?,"https://tvax3.sinaimg.cn/crop.388.2.345.345.180/008elwoLly8gnaj2rd5wqj31c00u0dm6.jpg?KID=imgbed,tva&Expires=1733315223&ssig=62tf5wZq6l",False,,2,-1
5673799937,Alwayshectic,Student of life.,m,https://m.weibo.cn/u/5673799937?,"https://tvax1.sinaimg.cn/crop.0.0.512.512.180/006bYGydly8gaf1mgkm9rj30e80e83yr.jpg?KID=imgbed,tva&Expires=1733315223&ssig=PV1IdWvMY1",False,,147,-1
7540927390,æŠ•æœºerayan1989,,f,https://m.weibo.cn/u/7540927390?,"https://tvax2.sinaimg.cn/crop.164.182.100.100.180/008ekXH8ly8gnbb3yjjr4j30b407uaet.jpg?KID=imgbed,tva&Expires=1733315223&ssig=l1GPrj%2BfMJ",False,,1,-1
7540663350,å¯»æ‰¾å˜å¯ŒNo1,,f,https://m.weibo.cn/u/7540663350?,"https://tvax2.sinaimg.cn/crop.60.50.133.133.180/008ejR0qly8gnbmegzhnvj30go0b4jsx.jpg?KID=imgbed,tva&Expires=1733315223&ssig=vHoRg3OHL%2B",False,,1,-1
7540794003,æœ¨å°ç¤¾,,f,https://m.weibo.cn/u/7540794003?,"https://tvax2.sinaimg.cn/crop.172.0.379.379.180/008ekoZJly8gnbiabh9tlj30ku0kuwg3.jpg?KID=imgbed,tva&Expires=1733315223&ssig=GHB5ufpIZi",False,,26,-1
7540663388,æ ¼ç‰©è•¾å§å§,,f,https://m.weibo.cn/u/7540663388?,"https://tvax3.sinaimg.cn/crop.173.4.277.277.180/008ejR12ly8gncgz7p7aoj30dw08ojrr.jpg?KID=imgbed,tva&Expires=1733315223&ssig=nvsdxcKQQn",False,,9,-1
7540794267,å°è±†å­”_26,,f,https://m.weibo.cn/u/7540794267?,"https://tvax4.sinaimg.cn/crop.140.320.800.800.180/008ekp3Zly8gmv362bk04j30u0140q83.jpg?KID=imgbed,tva&Expires=1733315223&ssig=SSEF0p718f",False,,9,-1
7541061286,JW88_79,,f,https://m.weibo.cn/u/7541061286?,"https://tvax4.sinaimg.cn/crop.63.1200.128.128.180/008elwwKly8gmvd30lmkuj30u0141te0.jpg?KID=imgbed,tva&Expires=1733315223&ssig=0IpWtTV5rZ",False,,2,-1
7540927602,deæœçš„é£é£,,f,https://m.weibo.cn/u/7540927602?,"https://tvax3.sinaimg.cn/crop.156.360.901.901.180/008ekXKyly8gmu594fx1jj30u0193tcg.jpg?KID=imgbed,tva&Expires=1733315223&ssig=yZQug3NAJa",False,,13,-1
7540663555,ç‚¼ä¸¹ä»™_40,,f,https://m.weibo.cn/u/7540663555?,"https://tvax2.sinaimg.cn/crop.166.859.756.756.180/008ejR3Jly8gmv3029v7lj30u019010g.jpg?KID=imgbed,tva&Expires=1733315223&ssig=vMIU4XxLfs",False,,13,-1
7541192598,éŸ­èœ-_25,,f,https://m.weibo.cn/u/7541192598?,"https://tvax4.sinaimg.cn/crop.222.97.555.555.180/008em4GGly8gnaj25g8xqj30rs0kujsd.jpg?KID=imgbed,tva&Expires=1733315223&ssig=NAnAY1lYnf",False,,2,-1
7541061304,_æµ-åé”‹,,f,https://m.weibo.cn/u/7541061304?,"https://tvax2.sinaimg.cn/crop.604.638.111.111.180/008elwx2ly8gmver018j6j31120kutn2.jpg?KID=imgbed,tva&Expires=1733315223&ssig=mZqmHtVpZh",False,,1,-1
7541061351,åæ–¹çœ‹é£äº‘,,f,https://m.weibo.cn/u/7541061351?,"https://tvax1.sinaimg.cn/crop.115.277.548.548.180/008elwxNly8gmvha7erqpj30ku11242q.jpg?KID=imgbed,tva&Expires=1733315223&ssig=XD2MCqcepf",False,,13,-1
7541192419,å¤§å¸ˆæ ‘çš„ç”Ÿé•¿,,f,https://m.weibo.cn/u/7541192419?,"https://tvax2.sinaimg.cn/crop.300.89.125.125.180/008em4DNly8gnbb2hts6kj30bu06o74l.jpg?KID=imgbed,tva&Expires=1733315223&ssig=6DxFCn3O2G",False,,3,-1
7541192408,åœ°äº§å¥´,,f,https://m.weibo.cn/u/7541192408?,"https://tvax4.sinaimg.cn/crop.88.38.222.222.180/008em4DCly8gnba5hjeroj30b408cmxe.jpg?KID=imgbed,tva&Expires=1733315223&ssig=Hp4DBJmzLy",False,,3,-1
7541192677,å¤©åœ°çƒé¢„æµ‹,,f,https://m.weibo.cn/u/7541192677?,"https://tvax4.sinaimg.cn/crop.140.319.798.798.180/008em4HXly8gmu9g2l6utj30u013y43w.jpg?KID=imgbed,tva&Expires=1733315223&ssig=qVvgzPI2Is",False,,1,-1
5154438420,æŸ´æ™®èµ„æœ¬,åŒºå—é“¾æ¯”ç‰¹å¸æŠ•èµ„äºº,m,https://m.weibo.cn/u/5154438420?,"https://tvax4.sinaimg.cn/crop.0.0.1080.1080.180/005CPuTyly8g18zrrtmzgj30u00u0wf4.jpg?KID=imgbed,tva&Expires=1733315223&ssig=ej1HBgdKnB",True,è´¢ç»åšä¸» è¶…è¯ä¸»æŒäººï¼ˆæŸ´æ™®æŠ•èµ„è¶…è¯ï¼‰,974,15000
2900589547,Vampireå–µå–µå–µ,æ¸©æŸ” çœŸè¯šå’Œåšå®šæ‰æœ€é‡è¦,f,https://m.weibo.cn/u/2900589547?,"https://tvax2.sinaimg.cn/crop.0.0.512.512.180/ace37bebly8hsnumgolvpj20e80e80tp.jpg?KID=imgbed,tva&Expires=1733315223&ssig=3azJ%2Fk%2BiGh",False,,200,-1
7540794427,è‹±å“ªWSçŸ©é˜µ,,f,https://m.weibo.cn/u/7540794427?,"https://tvax1.sinaimg.cn/crop.72.0.1080.1080.180/008ekp6zly8gmvbum58pej31400u0q6e.jpg?KID=imgbed,tva&Expires=1733315223&ssig=F84yHs91QQ",False,,1,-1
7540927657,å—ç¯±_12,,f,https://m.weibo.cn/u/7540927657?,"https://tvax4.sinaimg.cn/crop.280.464.800.800.180/008ekXLrly8gmv3anuroqj30u0140tdo.jpg?KID=imgbed,tva&Expires=1733315223&ssig=8crqa373JA",False,,3,-1
5816026856,æ°å“¥çš„æŠ•èµ„ç¬”è®°,ä¸“æ³¨ç ”ç©¶ETF æ¯æ—¥æ“ä½œè®¡åˆ’é¦–å‘åœ¨å…¬ä¼—å·:æ°å“¥çš„æŠ•èµ„ç¬”è®°,m,https://m.weibo.cn/u/5816026856?,"https://tvax4.sinaimg.cn/crop.0.0.512.512.180/006lBsgMly8h0bmrde3glj30e80e8q3j.jpg?KID=imgbed,tva&Expires=1733315223&ssig=RHkzvo5Hna",True,æŠ•èµ„å†…å®¹åˆ›ä½œè€…  è´¢ç»è§‚å¯Ÿå®˜ è¶…è¯ä¸»æŒäººï¼ˆæ°å“¥çš„æŠ•èµ„ç¬”è®°è¶…è¯ï¼‰,252,97000
7845383010,æ™šç‚¹Auto,ä»åˆ¶é€ åˆ°åˆ›é€ ï¼Œä»ä¸å¯èƒ½åˆ°å¯èƒ½ã€‚ã€Šæ™šç‚¹LatePostã€‹æ——ä¸‹æ±½è½¦å“ç‰Œï¼Œã€Šæ™šç‚¹ Autoã€‹å®˜æ–¹è´¦å·ã€‚,f,https://m.weibo.cn/u/7845383010?,"https://tvax3.sinaimg.cn/crop.0.0.600.600.180/008yWqvEly8hev9gox5szj30go0go0t9.jpg?KID=imgbed,tva&Expires=1733315223&ssig=T783srIPrd",False,,10,12000
6045525440,æ¢¦é©¬äººé—´,å—æŸ¯æˆ‘ä¸€æ¢¦ï¼Œå®ä¸ºæˆ‘é©¿é©¬ğŸã€‚ ä¸¤æ¬¡è¢«ç›—ä»¿è´¦æˆ·ï¼Œæ— å…¶ä»–å«æ¢¦é©¬äººé—´4å­—+ä»»ä½•çš„è´¦æˆ·ã€‚è«ç»™è´¢åŠ¡å¸®åŠ©å’Œä¸ªäººä¿¡æ¯ã€‚ä¸ä¼šä¸»åŠ¨@ä»»ä½•äººåŠ å¥½å‹,f,https://m.weibo.cn/u/6045525440?,"https://tvax2.sinaimg.cn/crop.0.0.1080.1080.180/006B8pkQly8hoapw0t0xvj30u00u0dld.jpg?KID=imgbed,tva&Expires=1733315223&ssig=3cBImlFk9Z",False,,337,-1
7540927554,åŒºå—xeq322,,f,https://m.weibo.cn/u/7540927554?,"https://tvax1.sinaimg.cn/crop.222.97.555.555.180/008ekXJMly8gn9dsipkcqj30rs0kun08.jpg?KID=imgbed,tva&Expires=1733315223&ssig=27xFmKGNEg",False,,2,-1
7926592233,ä¸‰å“¥Vä¸°é“,æœ‰è‰²è¡Œä¸šæ·±è€•20ä½™è½½ï¼ŒæœŸè´§äº¤æ˜“ï¼ŒæŠ•èèµ„ï¼Œæ–‡æ—…ã€‚,m,https://m.weibo.cn/u/7926592233?,"https://tvax3.sinaimg.cn/crop.0.0.1080.1080.180/008EraJPly8huks9o8wspj30u00u0grr.jpg?KID=imgbed,tva&Expires=1733315223&ssig=o2pqWgM3wl",False,,71,27000
7540927394,å‰æ™‹-é€é¥,,f,https://m.weibo.cn/u/7540927394?,"https://tvax4.sinaimg.cn/crop.111.17.277.277.180/008ekXHcly8gnbba1901zj30dw08pq3e.jpg?KID=imgbed,tva&Expires=1733315223&ssig=WJOBeSzJ3r",False,,4,-1
7540663651,æ”¹ä¸ªæ‘¸é‡‘é™ˆè€æ¹¿,,f,https://m.weibo.cn/u/7540663651?,"https://tvax2.sinaimg.cn/crop.360.90.900.900.180/008ejR5hly8gmvf9oey8vj31900u0gsb.jpg?KID=imgbed,tva&Expires=1733315223&ssig=SXSzVTKzP%2F",False,,12,-1
7540663627,æŒ¯é¹æ°§æµ·,,f,https://m.weibo.cn/u/7540663627?,"https://tvax1.sinaimg.cn/crop.90.360.900.900.180/008ejR4Tly8gmvcu1qr9cj30u0190q7z.jpg?KID=imgbed,tva&Expires=1733315223&ssig=rWwi0obbQ%2B",False,,18,-1
7541192462,å¾¡é£_33,,f,https://m.weibo.cn/u/7541192462?,"https://tvax1.sinaimg.cn/crop.101.0.282.282.180/008em4Euly8gnbhhsywnij30c80arjrm.jpg?KID=imgbed,tva&Expires=1733315223&ssig=4Hckfhc9Ln",False,,3,-1
7540793926,å˜Ÿå˜Ÿä¼ä¸šå®¶æ‚å¿—_38,,f,https://m.weibo.cn/u/7540793926?,"https://tvax2.sinaimg.cn/crop.222.148.555.555.180/008ekoYuly8gn9dt1zsqxj30rs0noq59.jpg?KID=imgbed,tva&Expires=1733315223&ssig=yI7%2FFa46Hp",False,,14,-1
1592917513,é™ˆæ€è¿›,æŸå›½é™…é‡‘èè´¢å›¢é£é™©ç®¡ç†éƒ¨èµ„æ·±é¡¾é—®ï¼Œå¤®è§†å¤§å‹çºªå½•ç‰‡ã€Šåå°”è¡—ã€‹é¡¾é—®ï¼Œæ›¾ä»»ç‘ä¿¡è¯åˆ¸éƒ¨åŠ©ç†å‰¯æ€»è£ã€ç¾é“¶è¯åˆ¸å…¬å¸å‰¯æ€»è£ï¼Œå¤šå®¶åª’ä½“ä¸“æ ä½œå®¶,m,https://m.weibo.cn/u/1592917513?,"https://tvax2.sinaimg.cn/crop.0.0.600.600.180/5ef1fe09ly8hpz6uvlvp0j20go0goq4m.jpg?KID=imgbed,tva&Expires=1733315223&ssig=mgBRbPVsg9",True,å¤®è§†ã€Šåå°”è¡—ã€‹å­¦æœ¯é¡¾é—® ã€Šç»æƒ…åå°”è¡—ã€‹ä½œè€…,426,1322000
6431651494,TotheMoon96,Î£SigmağŸš€,m,https://m.weibo.cn/u/6431651494?,"https://tvax2.sinaimg.cn/crop.0.0.1080.1080.180/0071gymqly8hv0665l3r6j30u00u0js5.jpg?KID=imgbed,tva&Expires=1733315223&ssig=mjKaRglsnp",False,,295,-1
3880896572,æ‹›è´¢å°ä»²æ™¯,å­¦å¾’å°ä¸­åŒ»ä¸€æšï¼› éµå¾ªé€»è¾‘ï¼Œè¶‹åŠ¿äº¤æ˜“,f,https://m.weibo.cn/u/3880896572?,"https://tvax2.sinaimg.cn/crop.3.0.697.697.180/e751c83cly8gegnji5ok4j20jg0jdab5.jpg?KID=imgbed,tva&Expires=1733315223&ssig=ypjEdZ3vll",True,æŠ•èµ„å†…å®¹åˆ›ä½œè€…,219,185000
7540794121,ç§‘æŠ€Page,,f,https://m.weibo.cn/u/7540794121?,"https://tvax2.sinaimg.cn/crop.0.271.1080.1080.180/008ekp1Dly8gmu0y0bg1ij30u0197tcu.jpg?KID=imgbed,tva&Expires=1733315223&ssig=RLTpaK4KQq",False,,3,-1
7541061095,é€ æ± èŒ,,f,https://m.weibo.cn/u/7541061095?,"https://tvax3.sinaimg.cn/crop.90.360.900.900.180/008elwtFly8gmv2v9bpluj30u0190aef.jpg?KID=imgbed,tva&Expires=1733315223&ssig=nofFYrn4Zg",False,,1,-1
7541061035,èŠ±æ—¦å­ä½ çœ‹çœ‹,,f,https://m.weibo.cn/u/7541061035?,"https://tvax1.sinaimg.cn/crop.198.326.750.750.180/008elwsHly8gmu4qopxx2j30u011ijt9.jpg?KID=imgbed,tva&Expires=1733315223&ssig=Rx8uB3j24g",False,,1,-1
7541192814,å¤å¤©æŠ•ç ”,,f,https://m.weibo.cn/u/7541192814?,"https://tvax4.sinaimg.cn/crop.90.72.990.990.180/008em4Kaly8gmuayn4vr5j30u00u0ac9.jpg?KID=imgbed,tva&Expires=1733315223&ssig=FWWSLe8SOz",False,,2,-1
1791283533,æ¸¯è‚¡é€šAiH,å…¬ä¼—å·ï¼šæ´»æŠ¥å‘Šï¼ˆID:liverepotï¼‰ å°çº¢ä¹¦ï¼šä¸­ç¯IPOï¼ˆ702511365ï¼‰,m,https://m.weibo.cn/u/1791283533?,"https://tvax3.sinaimg.cn/crop.210.257.621.621.180/6ac4d14dly8h8w6vny1wfj20u00v3dgl.jpg?KID=imgbed,tva&Expires=1733315223&ssig=roua0XMD9t",True,è´¢ç»åšä¸»,1041,1910000
1562273464,365-å¦é—¨å¤§é›¨,ç›´æ’­å¤§ç›˜èµ°åŠ¿ã€‚çƒ­ç‚¹é¢˜ææŒ–æ˜ã€è§£è¯»ï¼Œæç‚¼ä¸€æ‰‹æƒ…æŠ¥èµ„è®¯ã€‚ï¼ˆæŠ•ç¨¿ã€çˆ†æ–™ã€äº¤æµè¯·ç§ä¿¡ï¼‰,m,https://m.weibo.cn/u/1562273464?,"https://tvax1.sinaimg.cn/crop.0.0.986.986.180/5d1e66b8ly8gdhc34pt74j20re0re76a.jpg?KID=imgbed,tva&Expires=1733315223&ssig=2rm29LSu0U",True,è´¢ç»åšä¸» è¶…è¯ä¸»æŒäººï¼ˆäº¬ä¸œæ–¹A(sz000725)è¶…è¯ï¼‰ å¤´æ¡æ–‡ç« ä½œè€…,1232,430000
